MARKET,spend_domain,year_month,spend_amount,trans_count,brand_count
Atlanta,Energy,2020-01,28071332.564600002,1225416.3105000004,63
Atlanta,Food,2020-01,29066552.819899995,1275740.6786000005,28
Atlanta,Lodging,2020-01,1256635.2637999998,7295.3824,6
Atlanta,Energy,2020-02,26131046.108899985,1180307.2079999999,63
Atlanta,Food,2020-02,30468129.06750001,1303726.8689000001,30
Atlanta,Lodging,2020-02,1348857.4538000003,7598.525700000001,6
Atlanta,Energy,2020-03,24068249.1381,1112980.8361999993,64
Atlanta,Food,2020-03,32941546.263900004,1241890.6748000002,29
Atlanta,Lodging,2020-03,969808.045,4884.0465,6
Atlanta,Energy,2020-04,16465352.049099997,834619.9851,64
Atlanta,Food,2020-04,34272044.5395,1157733.1217999998,27
Atlanta,Lodging,2020-04,231254.434,1351.5407,6
Atlanta,Energy,2020-05,21224044.585200004,1101374.2278,64
Atlanta,Food,2020-05,44592119.30049999,1479476.1981000002,30
Atlanta,Lodging,2020-05,676925.4919,3829.5263999999997,6
Atlanta,Energy,2020-06,24110595.095499985,1189094.3080000002,63
Atlanta,Food,2020-06,41070661.01049999,1492452.105,29
Atlanta,Lodging,2020-06,1112863.725,5988.146500000002,6
Atlanta,Energy,2020-07,26915376.262599993,1264272.5357000004,65
Atlanta,Food,2020-07,43646216.802,1564741.4917000001,29
Atlanta,Lodging,2020-07,1287261.3450999998,7166.1828000000005,6
Atlanta,Energy,2020-08,25956783.368899986,1271862.7279999997,66
Atlanta,Food,2020-08,46596007.04970001,1636952.3602000002,29
Atlanta,Lodging,2020-08,1253286.4944,7657.670899999999,6
Atlanta,Energy,2020-09,25674338.026600003,1240983.1907,64
Atlanta,Food,2020-09,42812809.91060001,1591815.5588999996,30
Atlanta,Lodging,2020-09,1382515.1679,7727.608200000001,6
Atlanta,Energy,2020-10,26771912.888900004,1291181.3362999996,62
Atlanta,Food,2020-10,45902432.28210001,1722434.8573999996,30
Atlanta,Lodging,2020-10,1439496.3020000001,8606.2193,6
Atlanta,Energy,2020-11,25094533.665500008,1185607.1708,64
Atlanta,Food,2020-11,49718777.22299998,1679382.575,30
Atlanta,Lodging,2020-11,1204567.2719,7480.674200000001,6
Atlanta,Energy,2020-12,26314635.39019999,1218736.3624000002,65
Atlanta,Food,2020-12,62523058.757400036,1884506.5509000004,29
Atlanta,Lodging,2020-12,1102403.5184,6960.7849,6
Atlanta,Energy,2021-01,25898864.803499993,1147616.5603,64
Atlanta,Food,2021-01,46299078.9083,1639274.2455,30
Atlanta,Lodging,2021-01,1082007.3708,6462.7969,6
Atlanta,Energy,2021-02,25729945.334400013,1096303.4097999998,65
Atlanta,Food,2021-02,42765735.7384,1541826.4035000005,29
Atlanta,Lodging,2021-02,1141307.1520999998,6687.5045,6
Atlanta,Energy,2021-03,33587305.624699995,1334075.0598,63
Atlanta,Food,2021-03,50607334.761800006,1812088.9875999996,31
Atlanta,Lodging,2021-03,1431256.8024,8199.3042,6
Atlanta,Energy,2021-04,33968179.6633,1357050.3471,63
Atlanta,Food,2021-04,49644967.4241,1758862.932,31
Atlanta,Lodging,2021-04,2028085.5359999998,9822.0608,6
Atlanta,Energy,2021-05,37513641.264400005,1474870.5361000004,65
Atlanta,Food,2021-05,53906523.24440001,1824332.4893,29
Atlanta,Lodging,2021-05,2450689.1022,12127.500500000002,6
Atlanta,Energy,2021-06,36897680.081700005,1428549.0099999998,65
Atlanta,Food,2021-06,49919923.67699999,1712245.2919,32
Atlanta,Lodging,2021-06,2785169.5692999996,12284.9781,6
Atlanta,Energy,2021-07,38877758.88960002,1481051.8502999996,65
Atlanta,Food,2021-07,51842731.9139,1771615.3362999996,32
Atlanta,Lodging,2021-07,3082603.7078,12816.4837,6
Atlanta,Energy,2021-08,38241689.572500005,1446196.816500001,66
Atlanta,Food,2021-08,51481545.207499996,1773127.0840000003,30
Atlanta,Lodging,2021-08,2292485.8268000004,9946.0213,6
Atlanta,Energy,2021-09,37095682.10260001,1401123.7696000007,65
Atlanta,Food,2021-09,48671145.3063,1689782.2660999997,30
Atlanta,Lodging,2021-09,2318570.1115000006,10671.870299999999,6
Atlanta,Energy,2021-10,39714867.43709998,1477148.2928,64
Atlanta,Food,2021-10,52617103.84769999,1801628.6936999992,31
Atlanta,Lodging,2021-10,2424190.278,11162.287200000002,6
Atlanta,Energy,2021-11,38613148.71070002,1384437.8965000005,66
Atlanta,Food,2021-11,56434423.31040001,1784929.2518000004,31
Atlanta,Lodging,2021-11,2034481.9326,10101.645900000001,6
Atlanta,Energy,2021-12,36499425.9977,1333979.3445000006,64
Atlanta,Food,2021-12,68054496.4363,1899490.2198000003,31
Atlanta,Lodging,2021-12,1897140.3082,9146.1597,6
Atlanta,Energy,2022-01,34098521.56789997,1236699.3001000008,63
Atlanta,Food,2022-01,48126025.209499985,1605401.1412000004,31
Atlanta,Lodging,2022-01,1463298.2192,7483.7609999999995,6
Atlanta,Energy,2022-02,35454739.39479999,1218884.6179000004,64
Atlanta,Food,2022-02,45068568.072900005,1541796.4252000004,31
Atlanta,Lodging,2022-02,1848326.1593999998,8600.629500000001,6
Atlanta,Energy,2022-03,44485144.400800005,1430248.3511000006,64
Atlanta,Food,2022-03,50886587.431899995,1715182.6212000004,29
Atlanta,Lodging,2022-03,1952307.9422,9328.2875,6
Atlanta,Energy,2022-04,44199183.341299996,1431470.1341000001,65
Atlanta,Food,2022-04,51493770.251499996,1694751.5304,30
Atlanta,Lodging,2022-04,2447222.4298,10636.530499999999,6
Atlanta,Energy,2022-05,48620437.4308,1511613.5607000005,63
Atlanta,Food,2022-05,55822290.64299999,1802125.7740999996,29
Atlanta,Lodging,2022-05,2807833.9159,12302.427,6
Atlanta,Energy,2022-06,49602385.973400004,1489474.0492000002,65
Atlanta,Food,2022-06,51465724.830600016,1735302.6350999996,29
Atlanta,Lodging,2022-06,3173623.7012,12507.905100000002,6
Atlanta,Energy,2022-07,48670940.578899994,1504870.0238999994,65
Atlanta,Food,2022-07,55495561.0579,1794623.3689000006,29
Atlanta,Lodging,2022-07,2934329.4898,12454.3383,6
Atlanta,Energy,2022-08,42855496.55389999,1494486.6448,65
Atlanta,Food,2022-08,53096904.06990001,1753872.8492999994,29
Atlanta,Lodging,2022-08,1988611.1649000002,9845.6728,6
Atlanta,Energy,2022-09,39261812.230699986,1429411.9705,64
Atlanta,Food,2022-09,50367064.9836,1689441.7852999999,29
Atlanta,Lodging,2022-09,2394731.5614,11260.7238,6
Atlanta,Energy,2022-10,39938455.179900005,1451432.6576000003,64
Atlanta,Food,2022-10,54523120.4378,1794212.8399999999,29
Atlanta,Lodging,2022-10,2604415.4493,11648.274899999999,6
Atlanta,Energy,2022-11,37398302.8521,1332878.8977000003,65
Atlanta,Food,2022-11,58175264.15919998,1774654.8000000003,29
Atlanta,Lodging,2022-11,2158145.5592,9579.881499999998,6
Atlanta,Energy,2022-12,34902426.6907,1318932.4480999995,65
Atlanta,Food,2022-12,70420692.49350002,1932482.6013999998,29
Atlanta,Lodging,2022-12,1963320.2280000001,9343.540200000001,6
Atlanta,Energy,2023-01,35001956.52059999,1287640.3886999998,64
Atlanta,Food,2023-01,49840220.90640001,1642868.0208,29
Atlanta,Lodging,2023-01,1627122.0580000002,8329.6515,6
Atlanta,Energy,2023-02,34778676.03289998,1225697.1136,64
Atlanta,Food,2023-02,48722782.0642,1603204.7607,29
Atlanta,Lodging,2023-02,1868672.5663999997,8795.416700000002,6
Atlanta,Energy,2023-03,39290328.9176,1396727.5439,62
Atlanta,Food,2023-03,53657984.16869998,1797410.3614999999,29
Atlanta,Lodging,2023-03,2140461.9457,10119.255400000002,6
Atlanta,Energy,2023-04,39400573.24859999,1372962.0485,63
Atlanta,Food,2023-04,53723910.781300016,1691984.1864000002,29
Atlanta,Lodging,2023-04,2620442.831,11126.7425,6
Atlanta,Energy,2023-05,41525662.9968,1453875.586599999,64
Atlanta,Food,2023-05,55075455.5353,1795965.3885999997,29
Atlanta,Lodging,2023-05,2508852.7582000005,11631.254,6
Atlanta,Energy,2023-06,40663107.28970001,1453213.0347000002,66
Atlanta,Food,2023-06,50750524.041999996,1682446.5683999998,30
Atlanta,Lodging,2023-06,2910727.3608,12283.8172,6
Atlanta,Energy,2023-07,42052198.545399986,1554275.3489,66
Atlanta,Food,2023-07,54284350.28350001,1748177.0047,29
Atlanta,Lodging,2023-07,3213211.9507999998,13328.6403,6
Atlanta,Energy,2023-08,44774042.460499994,1528882.4229000004,64
Atlanta,Food,2023-08,53428210.6955,1731047.9868999997,29
Atlanta,Lodging,2023-08,2219666.5787000004,10904.142200000002,6
Atlanta,Energy,2023-09,41610851.86350001,1452968.2980000002,65
Atlanta,Food,2023-09,51274837.2227,1696437.7783999997,29
Atlanta,Lodging,2023-09,2344592.3787999996,10557.087300000001,6
Atlanta,Energy,2023-10,39630970.637899995,1489940.4638000003,65
Atlanta,Food,2023-10,53177044.60569999,1796822.2721999993,30
Atlanta,Lodging,2023-10,2660912.9302999997,11579.247199999996,6
Atlanta,Energy,2023-11,35244386.5013,1353608.5587999998,64
Atlanta,Food,2023-11,56047937.1524,1745590.4782000002,29
Atlanta,Lodging,2023-11,2041718.2227000003,9161.255000000001,6
Atlanta,Energy,2023-12,36080456.50569999,1322132.0739999998,63
Atlanta,Food,2023-12,68513922.24040002,1926388.7637,30
Atlanta,Lodging,2023-12,1924617.3787999996,9263.2691,6
Atlanta,Energy,2024-01,33852727.460900016,1266530.9393999998,63
Atlanta,Food,2024-01,48544643.717099994,1640031.6894999999,30
Atlanta,Lodging,2024-01,1555552.4076999999,7701.0771,6
Atlanta,Energy,2024-02,34102052.24520001,1287008.6874000002,64
Atlanta,Food,2024-02,49061703.319500014,1645192.4659000002,29
Atlanta,Lodging,2024-02,1877801.7284,8759.759900000001,6
Atlanta,Energy,2024-03,40221427.1396,1458177.9747999997,65
Atlanta,Food,2024-03,55212735.75920001,1759405.9732999997,29
Atlanta,Lodging,2024-03,2246035.3455999997,9860.973699999999,6
Atlanta,Energy,2024-04,40169825.137099996,1444354.2553000005,64
Atlanta,Food,2024-04,52189528.59639999,1769923.0775999997,29
Atlanta,Lodging,2024-04,2407679.0548999994,10826.936999999998,6
Atlanta,Energy,2024-05,42631700.8041,1524543.6585000004,62
Atlanta,Food,2024-05,56549891.61770001,1815780.9648999998,29
Atlanta,Lodging,2024-05,2600997.5628,11594.761800000002,6
Atlanta,Energy,2024-06,40102794.7807,1485044.9211999997,65
Atlanta,Food,2024-06,52844115.02399999,1752266.5729999996,30
Atlanta,Lodging,2024-06,3061044.4771000003,12766.959299999999,6
Atlanta,Energy,2024-07,41274331.5218,1477136.8347999994,64
Atlanta,Food,2024-07,54763866.67789999,1763221.6111999997,31
Atlanta,Lodging,2024-07,2794024.4131000005,12346.110600000002,6
Atlanta,Energy,2024-08,40546833.5849,1527303.3071999997,65
Atlanta,Food,2024-08,53387896.8997,1788309.8719,31
Atlanta,Lodging,2024-08,2381997.6626,10519.850999999999,6
Atlanta,Energy,2024-09,35546084.53900001,1410347.2386999996,64
Atlanta,Food,2024-09,50376070.77559998,1685104.8400999994,30
Atlanta,Lodging,2024-09,2503728.932,10782.988000000001,6
Atlanta,Energy,2024-10,36944982.776999995,1477797.6089999995,64
Atlanta,Food,2024-10,53764976.907900006,1809431.8618999994,29
Atlanta,Lodging,2024-10,2508849.6808,10677.8707,6
Atlanta,Energy,2024-11,35231281.7396,1352685.9382999996,63
Atlanta,Food,2024-11,59193372.02520002,1815885.1190999998,29
Atlanta,Lodging,2024-11,2018298.0960000004,10202.480200000002,6
Atlanta,Energy,2024-12,36192804.5975,1343319.7772000001,64
Atlanta,Food,2024-12,71904683.3411,1978003.6774000009,29
Atlanta,Lodging,2024-12,1678457.4794,8334.667599999999,6
Boston,Energy,2020-01,23048461.154899992,643676.3275000001,49
Boston,Food,2020-01,970079.7525000002,59832.15849999999,23
Boston,Lodging,2020-01,628562.0713,3222.5443,9
Boston,Energy,2020-02,23273333.200299993,625574.1535000001,49
Boston,Food,2020-02,990607.0277,61848.948500000006,22
Boston,Lodging,2020-02,510547.0044000001,3483.1537,9
Boston,Energy,2020-03,27577024.677699994,629954.0590000002,48
Boston,Food,2020-03,896267.7736999998,56789.56230000001,23
Boston,Lodging,2020-03,359105.73740000004,1851.0967,10
Boston,Energy,2020-04,22874112.96119999,466855.0163,46
Boston,Food,2020-04,990059.6192999998,51623.62790000001,18
Boston,Lodging,2020-04,78937.1143,360.34309999999994,7
Boston,Energy,2020-05,26179074.8261,565017.6102,45
Boston,Food,2020-05,1116402.0562000002,59807.3215,22
Boston,Lodging,2020-05,69626.38440000001,456.7015,8
Boston,Energy,2020-06,25137579.3069,605419.6387999998,49
Boston,Food,2020-06,1060624.7131000003,58715.94870000001,22
Boston,Lodging,2020-06,218233.1077,1238.9326999999998,9
Boston,Energy,2020-07,26873263.138999995,655823.3957999996,49
Boston,Food,2020-07,1152410.3063,64471.94929999999,23
Boston,Lodging,2020-07,214599.5137,1169.3352,8
Boston,Energy,2020-08,26604905.4271,658191.3109000002,47
Boston,Food,2020-08,1137681.2186999999,67677.5551,23
Boston,Lodging,2020-08,262766.4339,1680.8767000000003,9
Boston,Energy,2020-09,25056455.1513,611393.4367,46
Boston,Food,2020-09,1090676.8789999997,64605.4224,24
Boston,Lodging,2020-09,258102.47699999998,1615.3926000000001,9
Boston,Energy,2020-10,25903061.644099984,637111.7085,46
Boston,Food,2020-10,1212147.2476999997,68124.97450000001,23
Boston,Lodging,2020-10,231742.829,1495.5976,8
Boston,Energy,2020-11,25714356.853299998,600080.631,50
Boston,Food,2020-11,1136718.0320999997,64849.3826,25
Boston,Lodging,2020-11,350587.36830000003,1480.6768000000002,8
Boston,Energy,2020-12,29149298.0528,632649.7035999999,47
Boston,Food,2020-12,1081938.6737000002,59834.33159999999,27
Boston,Lodging,2020-12,285039.6692,1318.5327999999997,9
Boston,Energy,2021-01,24980931.977399997,590956.2538000001,49
Boston,Food,2021-01,1081998.8514999996,59080.35209999999,26
Boston,Lodging,2021-01,333178.8794,1568.3712,9
Boston,Energy,2021-02,22801442.69539999,530646.5040999999,46
Boston,Food,2021-02,1004078.561,54080.3749,26
Boston,Lodging,2021-02,359698.8539,1590.5189,9
Boston,Energy,2021-03,26835300.368399996,624078.7730999999,45
Boston,Food,2021-03,1190387.3193,65816.64860000001,24
Boston,Lodging,2021-03,453788.44229999994,2132.2418000000002,9
Boston,Energy,2021-04,26961751.047900002,621045.6563000001,44
Boston,Food,2021-04,1195234.5388000002,64675.839700000004,26
Boston,Lodging,2021-04,597448.6649999999,2487.9314,9
Boston,Energy,2021-05,28956195.815999996,681331.0838999999,47
Boston,Food,2021-05,1211961.0184000004,67758.24369999999,27
Boston,Lodging,2021-05,549621.1257,2647.3530000000005,8
Boston,Energy,2021-06,28383073.018000007,670966.0798000001,46
Boston,Food,2021-06,1152005.4907,62896.96689999998,25
Boston,Lodging,2021-06,586926.3064000001,3048.8635000000004,9
Boston,Energy,2021-07,28998034.0537,696035.5896999999,48
Boston,Food,2021-07,1205373.3349000001,65857.09959999999,27
Boston,Lodging,2021-07,763101.6494999998,3265.5702,9
Boston,Energy,2021-08,29579222.413300008,711910.9074000003,47
Boston,Food,2021-08,1149663.4072999998,63465.08259999999,25
Boston,Lodging,2021-08,865566.3374999999,3437.2199,9
Boston,Energy,2021-09,28175217.837399997,675798.4742999999,44
Boston,Food,2021-09,1145659.1940000001,62354.846799999985,27
Boston,Lodging,2021-09,805054.4388000001,3231.489000000001,9
Boston,Energy,2021-10,30223996.377800003,706354.6600999997,46
Boston,Food,2021-10,1242682.7423000003,65811.0619,23
Boston,Lodging,2021-10,836667.1617000002,3614.7926000000007,8
Boston,Energy,2021-11,31459561.610599995,698335.2046000004,46
Boston,Food,2021-11,1240886.6653999998,65241.985400000005,25
Boston,Lodging,2021-11,724194.1716,3169.983399999999,9
Boston,Energy,2021-12,35100698.8455,755353.5613000002,43
Boston,Food,2021-12,1250798.2603,65396.43729999999,27
Boston,Lodging,2021-12,853291.7294000001,3447.5090999999998,9
Boston,Energy,2022-01,28991215.8997,664281.6028,46
Boston,Food,2022-01,1127289.9006999999,59856.102100000004,25
Boston,Lodging,2022-01,654989.7037999999,2379.7569,9
Boston,Energy,2022-02,27562859.161900006,619096.2363999999,47
Boston,Food,2022-02,1078867.7707999998,56018.09520000001,24
Boston,Lodging,2022-02,568610.0760000001,3048.0262000000002,10
Boston,Energy,2022-03,32468864.442800015,703562.4401999998,47
Boston,Food,2022-03,1171672.817,63902.02120000001,25
Boston,Lodging,2022-03,915422.7407,3568.6683000000003,10
Boston,Energy,2022-04,33108998.246100005,703497.4911000001,45
Boston,Food,2022-04,1238270.5112,65510.77200000001,26
Boston,Lodging,2022-04,1137309.0233,4629.140399999999,9
Boston,Energy,2022-05,35799661.9064,770446.2480000001,47
Boston,Food,2022-05,1239161.1676,65719.4992,27
Boston,Lodging,2022-05,937094.3822000002,4255.906599999999,9
Boston,Energy,2022-06,36447599.6383,749998.1826,46
Boston,Food,2022-06,1252010.0479000001,65385.958900000005,23
Boston,Lodging,2022-06,869507.4117,4199.7233,9
Boston,Energy,2022-07,39031465.539799996,813829.7341000001,44
Boston,Food,2022-07,1232641.3053000001,64322.618,23
Boston,Lodging,2022-07,1097579.0233999998,4358.5025,9
Boston,Energy,2022-08,36834621.1614,810475.3707000001,47
Boston,Food,2022-08,1254403.7315,65779.16560000001,25
Boston,Lodging,2022-08,1251158.5409,4649.5551,9
Boston,Energy,2022-09,33586492.252399996,762221.3206999999,46
Boston,Food,2022-09,1223426.2189999998,63089.80960000001,25
Boston,Lodging,2022-09,1006970.9127000001,4064.9658,8
Boston,Energy,2022-10,34961823.31200001,782748.6884999999,46
Boston,Food,2022-10,1360516.0285,70730.08919999999,22
Boston,Lodging,2022-10,1079955.0044999998,4381.9193,8
Boston,Energy,2022-11,36470543.32779999,764118.3140999998,47
Boston,Food,2022-11,1365065.9258000003,65926.51379999999,25
Boston,Lodging,2022-11,800403.4021999998,4227.6236,8
Boston,Energy,2022-12,39716853.42119999,804210.5936999996,47
Boston,Food,2022-12,1405272.2469,66760.9168,25
Boston,Lodging,2022-12,863993.9423,4043.6825999999996,8
Boston,Energy,2023-01,31859287.187400017,726407.9146000004,45
Boston,Food,2023-01,1210460.5396999998,58853.0525,24
Boston,Lodging,2023-01,850163.8769000003,3912.795,10
Boston,Energy,2023-02,28840669.385399997,655940.0016000002,44
Boston,Food,2023-02,1178603.5315,59383.2891,25
Boston,Lodging,2023-02,769286.0932,3333.6247,8
Boston,Energy,2023-03,30940871.032299995,701724.6166,48
Boston,Food,2023-03,1308735.4111999997,67201.3488,25
Boston,Lodging,2023-03,1031811.9140999998,4330.9303,9
Boston,Energy,2023-04,32857321.880300008,715495.686,46
Boston,Food,2023-04,1328330.8561,67332.933,23
Boston,Lodging,2023-04,1134823.9583,4785.735299999999,9
Boston,Energy,2023-05,35001776.22099998,791605.9445000001,48
Boston,Food,2023-05,1357434.0278,67921.7506,25
Boston,Lodging,2023-05,1418502.8798,5237.584599999999,8
Boston,Energy,2023-06,36541096.96560001,816032.3496000001,40
Boston,Food,2023-06,1404211.5592000003,67909.66820000001,24
Boston,Lodging,2023-06,1010945.8639999998,4353.534599999999,8
Boston,Energy,2023-07,39780977.3616,875832.0246999998,45
Boston,Food,2023-07,1439614.7346,67420.1496,24
Boston,Lodging,2023-07,1194871.6172000002,4476.5866,8
Boston,Energy,2023-08,39401813.04629999,857784.6746,46
Boston,Food,2023-08,1311865.1981000002,68399.75159999999,23
Boston,Lodging,2023-08,1126813.1235000002,4789.658,8
Boston,Energy,2023-09,36866503.861799985,810188.0428000002,45
Boston,Food,2023-09,1373648.3575999998,68311.4019,25
Boston,Lodging,2023-09,986406.2208,4056.1877000000004,8
Boston,Energy,2023-10,37391055.28530001,837946.5716000003,47
Boston,Food,2023-10,1464517.1068000002,71596.82750000001,24
Boston,Lodging,2023-10,1141839.7276,4976.0353,9
Boston,Energy,2023-11,37967912.84220002,835172.8761000001,46
Boston,Food,2023-11,1410036.0274999999,66427.4896,23
Boston,Lodging,2023-11,1131813.5099,4662.3964,8
Boston,Energy,2023-12,42378434.060100004,890716.7540000002,47
Boston,Food,2023-12,1401083.2472000006,69193.6726,24
Boston,Lodging,2023-12,851243.4794999999,4033.3189,8
Boston,Energy,2024-01,34238085.62150001,788504.5315000004,43
Boston,Food,2024-01,1402428.0913,67561.84790000001,24
Boston,Lodging,2024-01,838223.2530999999,4408.096100000001,9
Boston,Energy,2024-02,32960333.647800006,761339.0166000001,44
Boston,Food,2024-02,1273890.9346000003,64768.207699999984,22
Boston,Lodging,2024-02,1054485.6912,4722.6868,8
Boston,Energy,2024-03,36090958.409099996,829283.8378000001,43
Boston,Food,2024-03,1388861.0719000003,74996.36059999999,26
Boston,Lodging,2024-03,1146905.9169,4646.7005,8
Boston,Energy,2024-04,35103235.52310001,817121.5896000002,45
Boston,Food,2024-04,1341322.0717,70026.3259,22
Boston,Lodging,2024-04,1160745.0559,5655.524,9
Boston,Energy,2024-05,39806273.669999994,901363.4937999999,46
Boston,Food,2024-05,1474753.4898000003,74151.45659999999,24
Boston,Lodging,2024-05,1126209.6615999998,4640.9335,9
Boston,Energy,2024-06,39138640.98470001,898833.4432,46
Boston,Food,2024-06,1487545.547,73954.2214,25
Boston,Lodging,2024-06,1218739.3861,4599.7525,9
Boston,Energy,2024-07,39292737.20240001,892535.4612000001,43
Boston,Food,2024-07,1469110.7448,71921.5077,23
Boston,Lodging,2024-07,1049828.2349,4278.1621000000005,9
Boston,Energy,2024-08,38966205.70889999,896480.4437000001,45
Boston,Food,2024-08,1430306.5693,76257.9572,22
Boston,Lodging,2024-08,1388850.6903999997,4828.977000000001,9
Boston,Energy,2024-09,34892272.636099994,834592.4290999998,46
Boston,Food,2024-09,1360254.6701,70336.773,22
Boston,Lodging,2024-09,1106835.8379000002,4452.8188,9
Boston,Energy,2024-10,36408001.95320001,868830.1471999998,45
Boston,Food,2024-10,1519633.5415,79641.1278,21
Boston,Lodging,2024-10,1116392.5178,4798.8225999999995,9
Boston,Energy,2024-11,36296145.94390002,855267.1917999999,45
Boston,Food,2024-11,1418865.5488000002,70050.4688,21
Boston,Lodging,2024-11,945522.1377000001,3995.3780000000006,8
Boston,Energy,2024-12,42650078.52479998,918606.3527999995,46
Boston,Food,2024-12,1429363.5658,68720.23730000001,23
Boston,Lodging,2024-12,1055530.6375000002,3876.0985,8
Dallas / Houston,Energy,2020-01,167516131.6171,3844033.748300001,50
Dallas / Houston,Food,2020-01,31005753.994399995,2319172.3088,22
Dallas / Houston,Lodging,2020-01,3567331.8108,21767.376599999996,8
Dallas / Houston,Energy,2020-02,164631005.75650012,3753167.1809999994,51
Dallas / Houston,Food,2020-02,32730067.012900002,2371022.1928,22
Dallas / Houston,Lodging,2020-02,3774748.1466,22019.559400000002,8
Dallas / Houston,Energy,2020-03,176640604.4495,3805962.9026000006,49
Dallas / Houston,Food,2020-03,28297764.1571,1909137.9602000003,22
Dallas / Houston,Lodging,2020-03,2978310.0379000003,18038.690400000003,8
Dallas / Houston,Energy,2020-04,145503667.89909995,2958790.4732999993,52
Dallas / Houston,Food,2020-04,21170494.219900005,1267898.0117,21
Dallas / Houston,Lodging,2020-04,920179.5815000001,5210.1612000000005,8
Dallas / Houston,Energy,2020-05,172211462.95589995,3683416.3595000003,50
Dallas / Houston,Food,2020-05,28962738.9317,1787290.6498999996,20
Dallas / Houston,Lodging,2020-05,1873275.9504,11922.3289,8
Dallas / Houston,Energy,2020-06,172661188.93359998,3908582.3045999985,51
Dallas / Houston,Food,2020-06,30163258.227800004,1972519.9516999996,21
Dallas / Houston,Lodging,2020-06,3221193.9241999993,18731.0482,8
Dallas / Houston,Energy,2020-07,179681388.31059998,4082873.0281999996,51
Dallas / Houston,Food,2020-07,32174040.262699995,2078149.5175000003,21
Dallas / Houston,Lodging,2020-07,3543585.864899999,21167.107799999998,8
Dallas / Houston,Energy,2020-08,188270264.9694,4166390.7788999993,54
Dallas / Houston,Food,2020-08,34340172.4356,2252028.023,22
Dallas / Houston,Lodging,2020-08,4154533.401,24552.9154,8
Dallas / Houston,Energy,2020-09,177250532.14250004,3948802.6509999987,53
Dallas / Houston,Food,2020-09,34427112.390499994,2292523.2218000004,22
Dallas / Houston,Lodging,2020-09,3605545.6526999995,20704.0316,8
Dallas / Houston,Energy,2020-10,186164800.20709997,4215105.378400001,51
Dallas / Houston,Food,2020-10,37317004.9197,2422716.261,21
Dallas / Houston,Lodging,2020-10,3821855.8313999996,23999.759000000002,8
Dallas / Houston,Energy,2020-11,189013199.0858999,3993246.0148999994,51
Dallas / Houston,Food,2020-11,35823211.2013,2349581.1035,21
Dallas / Houston,Lodging,2020-11,3183372.3099999996,19948.7318,8
Dallas / Houston,Energy,2020-12,201337768.70189992,4075603.946500001,52
Dallas / Houston,Food,2020-12,36811254.4463,2243281.6224,21
Dallas / Houston,Lodging,2020-12,3028470.1132000005,18901.294599999994,8
Dallas / Houston,Energy,2021-01,189377256.30749997,3894780.9536999995,53
Dallas / Houston,Food,2021-01,32981896.49740001,2128525.5893,21
Dallas / Houston,Lodging,2021-01,2629918.4101,17784.354000000003,8
Dallas / Houston,Energy,2021-02,173405818.96720004,3375383.7685000016,53
Dallas / Houston,Food,2021-02,27472872.243400004,1721656.4783,22
Dallas / Houston,Lodging,2021-02,3113234.6409,18980.2244,8
Dallas / Houston,Energy,2021-03,216903326.71820003,4366063.231000001,52
Dallas / Houston,Food,2021-03,38643247.6958,2525583.5259000007,21
Dallas / Houston,Lodging,2021-03,5162215.9528,28724.0261,8
Dallas / Houston,Energy,2021-04,211349479.9106999,4200415.591,53
Dallas / Houston,Food,2021-04,38359352.1388,2480013.6733,22
Dallas / Houston,Lodging,2021-04,4971696.6835,26570.180699999997,8
Dallas / Houston,Energy,2021-05,217853576.16940007,4367285.5563,53
Dallas / Houston,Food,2021-05,39246919.1179,2576497.3331999998,21
Dallas / Houston,Lodging,2021-05,6415128.7051,31679.315799999997,8
Dallas / Houston,Energy,2021-06,216737634.53489998,4483296.082,53
Dallas / Houston,Food,2021-06,36752781.7767,2447207.1997,22
Dallas / Houston,Lodging,2021-06,8233754.074200001,36958.730599999995,8
Dallas / Houston,Energy,2021-07,223274284.76869988,4623235.576000003,53
Dallas / Houston,Food,2021-07,37763352.43190001,2500332.3257999998,23
Dallas / Houston,Lodging,2021-07,10017993.083300002,43028.8469,8
Dallas / Houston,Energy,2021-08,223146942.06870002,4564389.062599998,55
Dallas / Houston,Food,2021-08,38118357.5053,2537785.7680000006,23
Dallas / Houston,Lodging,2021-08,7036380.271400001,31752.1798,8
Dallas / Houston,Energy,2021-09,213422332.87710005,4323490.9581,55
Dallas / Houston,Food,2021-09,38375476.47140001,2556750.4699000004,22
Dallas / Houston,Lodging,2021-09,5792764.8926,28115.049100000004,8
Dallas / Houston,Energy,2021-10,237127883.6803,4608716.201400001,54
Dallas / Houston,Food,2021-10,40823926.68069999,2677222.9228999997,23
Dallas / Houston,Lodging,2021-10,6446903.997,30665.34019999999,8
Dallas / Houston,Energy,2021-11,238757348.00059998,4416080.5808000015,54
Dallas / Houston,Food,2021-11,41170184.0699,2556308.5173000004,23
Dallas / Houston,Lodging,2021-11,6239005.8592,28865.045200000004,8
Dallas / Houston,Energy,2021-12,243527358.93209997,4441010.351799998,54
Dallas / Houston,Food,2021-12,42033182.3851,2558586.9596,23
Dallas / Houston,Lodging,2021-12,5719356.4807,30224.997699999996,8
Dallas / Houston,Energy,2022-01,215594303.3089001,3978862.2982,53
Dallas / Houston,Food,2022-01,35122760.2039,2214024.8917,23
Dallas / Houston,Lodging,2022-01,4141716.8822000003,21617.5224,8
Dallas / Houston,Energy,2022-02,212088599.10390002,3755026.320399998,53
Dallas / Houston,Food,2022-02,33253655.1717,2071195.5107000005,22
Dallas / Houston,Lodging,2022-02,4092700.7369999997,22192.0727,8
Dallas / Houston,Energy,2022-03,255784120.71670005,4588825.734000002,55
Dallas / Houston,Food,2022-03,39600551.382699996,2531080.1479000007,23
Dallas / Houston,Lodging,2022-03,6812737.517999997,30803.3541,8
Dallas / Houston,Energy,2022-04,250829832.45930004,4485211.387699999,56
Dallas / Houston,Food,2022-04,39744842.87450001,2518618.7497000005,22
Dallas / Houston,Lodging,2022-04,5607228.7163,26653.348099999996,8
Dallas / Houston,Energy,2022-05,271515155.76969993,4838787.884199997,56
Dallas / Houston,Food,2022-05,42147430.8416,2643444.1344999997,23
Dallas / Houston,Lodging,2022-05,7216705.557500001,32920.18549999999,8
Dallas / Houston,Energy,2022-06,274234256.45120007,4713933.056399999,57
Dallas / Houston,Food,2022-06,39467487.7437,2432091.2437,23
Dallas / Houston,Lodging,2022-06,8600426.4552,36760.917400000006,8
Dallas / Houston,Energy,2022-07,269775130.50029993,4840210.6555,55
Dallas / Houston,Food,2022-07,40920180.91489999,2529790.197000001,23
Dallas / Houston,Lodging,2022-07,9927330.365600001,40679.062099999996,8
Dallas / Houston,Energy,2022-08,253049089.4085999,4617178.516799999,56
Dallas / Houston,Food,2022-08,40302620.52440001,2510234.142,23
Dallas / Houston,Lodging,2022-08,6651917.010800001,30512.208199999997,8
Dallas / Houston,Energy,2022-09,248372131.18600005,4655003.502900002,56
Dallas / Houston,Food,2022-09,42531394.541899994,2633973.6089,23
Dallas / Houston,Lodging,2022-09,6488449.6107,30736.5905,8
Dallas / Houston,Energy,2022-10,254398467.26670003,4809509.934900001,56
Dallas / Houston,Food,2022-10,43945187.286000006,2735211.9402,24
Dallas / Houston,Lodging,2022-10,7132263.904599999,31995.243599999994,8
Dallas / Houston,Energy,2022-11,253037315.8380001,4462272.074000002,55
Dallas / Houston,Food,2022-11,43909377.364400014,2635140.6784000006,23
Dallas / Houston,Lodging,2022-11,5893059.494,27517.3795,8
Dallas / Houston,Energy,2022-12,260826651.7292001,4555331.7598,55
Dallas / Houston,Food,2022-12,44450997.83049998,2509406.3382,24
Dallas / Houston,Lodging,2022-12,5535271.126400001,28179.6551,8
Dallas / Houston,Energy,2023-01,232427715.96220002,4277700.112500001,54
Dallas / Houston,Food,2023-01,38949308.11550001,2300379.4928999995,23
Dallas / Houston,Lodging,2023-01,4448657.2677,23957.1299,8
Dallas / Houston,Energy,2023-02,224104822.693,4050148.4083000007,55
Dallas / Houston,Food,2023-02,36932763.113000005,2237181.4696999993,24
Dallas / Houston,Lodging,2023-02,4996550.377699999,24606.5014,8
Dallas / Houston,Energy,2023-03,254602780.37560016,4644158.2884,56
Dallas / Houston,Food,2023-03,43378620.3575,2596413.8540000003,23
Dallas / Houston,Lodging,2023-03,7101991.4795,32073.638899999998,8
Dallas / Houston,Energy,2023-04,257296923.4985,4647858.933000001,56
Dallas / Houston,Food,2023-04,43100332.8003,2535541.2162999995,23
Dallas / Houston,Lodging,2023-04,6240166.676100001,29545.0722,8
Dallas / Houston,Energy,2023-05,265053173.2146,4869256.1094,56
Dallas / Houston,Food,2023-05,44670763.45660001,2620543.3230999997,24
Dallas / Houston,Lodging,2023-05,7403866.165999999,33683.592300000004,8
Dallas / Houston,Energy,2023-06,268703092.78849995,4876985.0953,57
Dallas / Houston,Food,2023-06,42471030.49210001,2504202.042,23
Dallas / Houston,Lodging,2023-06,9113633.8016,39003.308200000014,8
Dallas / Houston,Energy,2023-07,271319939.4096999,5013492.5211,56
Dallas / Houston,Food,2023-07,43979843.3945,2560061.5922999997,24
Dallas / Houston,Lodging,2023-07,9519203.515,41803.2305,8
Dallas / Houston,Energy,2023-08,270062203.42220014,4932360.711200001,57
Dallas / Houston,Food,2023-08,44552203.39629999,2690574.4398000007,23
Dallas / Houston,Lodging,2023-08,7272522.549,33248.06310000001,8
Dallas / Houston,Energy,2023-09,258968874.85869998,4737352.940900001,57
Dallas / Houston,Food,2023-09,46491160.7793,2755809.8049999997,23
Dallas / Houston,Lodging,2023-09,6341856.409999998,31645.012800000004,8
Dallas / Houston,Energy,2023-10,261472924.1127,4762243.642599998,56
Dallas / Houston,Food,2023-10,45814007.87279999,2737025.7013,22
Dallas / Houston,Lodging,2023-10,6987090.972800001,30916.417899999997,8
Dallas / Houston,Energy,2023-11,256099047.45279998,4524342.540999998,56
Dallas / Houston,Food,2023-11,44678332.997499995,2581299.0611000005,23
Dallas / Houston,Lodging,2023-11,5744077.8899,27220.181899999996,8
Dallas / Houston,Energy,2023-12,259542094.83140004,4632239.5102,55
Dallas / Houston,Food,2023-12,44842561.711500004,2489114.2009,22
Dallas / Houston,Lodging,2023-12,5221229.1478,27076.502999999997,8
Dallas / Houston,Energy,2024-01,238177334.79259998,4236498.943800002,57
Dallas / Houston,Food,2024-01,37595553.423,2175808.0924,23
Dallas / Houston,Lodging,2024-01,4402338.421699999,22990.3323,8
Dallas / Houston,Energy,2024-02,234316665.5645001,4269994.583,56
Dallas / Houston,Food,2024-02,38575693.71720001,2240252.8835000005,22
Dallas / Houston,Lodging,2024-02,4753989.2335,23232.871099999997,8
Dallas / Houston,Energy,2024-03,253389497.37169987,4697635.874899998,57
Dallas / Houston,Food,2024-03,42991451.708,2452185.3075999995,23
Dallas / Houston,Lodging,2024-03,6796256.5918,32582.393299999996,8
Dallas / Houston,Energy,2024-04,257732145.53250012,4639938.8877,57
Dallas / Houston,Food,2024-04,41370158.132699996,2363730.9776999997,23
Dallas / Houston,Lodging,2024-04,5875342.849100001,26956.495199999998,8
Dallas / Houston,Energy,2024-05,268004345.79479992,4870173.340299999,56
Dallas / Houston,Food,2024-05,44291057.0731,2470678.7818,23
Dallas / Houston,Lodging,2024-05,7249835.696700001,33692.6321,8
Dallas / Houston,Energy,2024-06,258461104.7380998,4809098.511299999,57
Dallas / Houston,Food,2024-06,40433424.41789998,2297430.0429000002,23
Dallas / Houston,Lodging,2024-06,8146494.714399999,37489.4534,8
Dallas / Houston,Energy,2024-07,259733537.63430002,4893878.1238,57
Dallas / Houston,Food,2024-07,40468832.43829999,2302334.713,23
Dallas / Houston,Lodging,2024-07,8782161.127600001,38647.442500000005,8
Dallas / Houston,Energy,2024-08,274459588.00570005,5011544.968999999,57
Dallas / Houston,Food,2024-08,43582438.77770001,2481917.474600001,22
Dallas / Houston,Lodging,2024-08,6616505.6877,32019.011900000005,8
Dallas / Houston,Energy,2024-09,248731043.7985,4646063.510599998,56
Dallas / Houston,Food,2024-09,42837389.669599995,2415331.819799999,22
Dallas / Houston,Lodging,2024-09,6132896.428700001,28797.256800000003,8
Dallas / Houston,Energy,2024-10,253268916.537,4876461.5217,56
Dallas / Houston,Food,2024-10,43474233.2515,2527454.7977,23
Dallas / Houston,Lodging,2024-10,6847565.4772,31207.353299999995,8
Dallas / Houston,Energy,2024-11,253058487.14840013,4586781.6719,56
Dallas / Houston,Food,2024-11,44124047.1344,2481035.4792,23
Dallas / Houston,Lodging,2024-11,5980989.846600001,30260.1985,8
Dallas / Houston,Energy,2024-12,270956912.9243999,4637090.897,56
Dallas / Houston,Food,2024-12,45360723.32570001,2425546.2907999987,23
Dallas / Houston,Lodging,2024-12,5424208.3806,27247.3715,8
Kansas City,Energy,2020-01,47918635.813,1106380.1727000005,83
Kansas City,Food,2020-01,10193477.455199998,481360.6627999999,42
Kansas City,Lodging,2020-01,475081.3932,3608.6768999999995,5
Kansas City,Energy,2020-02,48447050.74169998,1092429.1988000001,89
Kansas City,Food,2020-02,10504881.250900002,491010.8166,43
Kansas City,Lodging,2020-02,483634.47349999996,3473.0328,5
Kansas City,Energy,2020-03,57950675.96439998,1146963.9466000001,86
Kansas City,Food,2020-03,11444598.132299997,440528.4316,45
Kansas City,Lodging,2020-03,264958.8334,1931.2542999999998,5
Kansas City,Energy,2020-04,54069780.605699986,1004809.8161999995,84
Kansas City,Food,2020-04,10909944.2038,376617.9208999999,39
Kansas City,Lodging,2020-04,37158.5041,253.5374,5
Kansas City,Energy,2020-05,59077198.81170002,1149870.4918999996,85
Kansas City,Food,2020-05,13828723.261899997,480373.2776000001,39
Kansas City,Lodging,2020-05,92549.1965,738.3821,5
Kansas City,Energy,2020-06,55034279.91229999,1114057.8347,88
Kansas City,Food,2020-06,12897263.7114,495177.5832999998,43
Kansas City,Lodging,2020-06,139253.4242,1115.3999000000001,5
Kansas City,Energy,2020-07,54320310.15900005,1120207.6546999996,87
Kansas City,Food,2020-07,13201014.779000003,520143.9878,41
Kansas City,Lodging,2020-07,228412.56840000002,1540.4917,5
Kansas City,Energy,2020-08,53972013.921399996,1122392.985800001,85
Kansas City,Food,2020-08,13767080.241500007,534182.6506000002,43
Kansas City,Lodging,2020-08,327658.00510000007,1947.7340999999997,5
Kansas City,Energy,2020-09,50109620.45520002,1064397.7055999998,87
Kansas City,Food,2020-09,13132340.5641,523539.29590000026,42
Kansas City,Lodging,2020-09,222709.94809999998,1620.7531999999997,5
Kansas City,Energy,2020-10,54329917.00120001,1143610.7764,86
Kansas City,Food,2020-10,14363196.816300001,563625.2386,44
Kansas City,Lodging,2020-10,303213.5013,2097.2846,5
Kansas City,Energy,2020-11,57692003.65190002,1093159.1124000004,87
Kansas City,Food,2020-11,14468874.706400003,529358.2563,44
Kansas City,Lodging,2020-11,167684.52,1174.3979,5
Kansas City,Energy,2020-12,65458589.9833,1218395.4017999994,86
Kansas City,Food,2020-12,17612738.38870001,564125.3361999999,43
Kansas City,Lodging,2020-12,151160.99069999997,1106.1646,5
Kansas City,Energy,2021-01,55553118.36970001,1079031.4411000004,86
Kansas City,Food,2021-01,13903824.675199995,528866.4161,44
Kansas City,Lodging,2021-01,206940.30860000002,1612.4129,5
Kansas City,Energy,2021-02,47982356.29239999,969759.2938999997,86
Kansas City,Food,2021-02,12738199.232299995,470045.51680000004,43
Kansas City,Lodging,2021-02,287861.2127,1502.5573000000002,5
Kansas City,Energy,2021-03,62784231.134700015,1195404.6712000007,84
Kansas City,Food,2021-03,15983299.290199997,597168.0963000002,44
Kansas City,Lodging,2021-03,483543.8592,2688.6202999999996,5
Kansas City,Energy,2021-04,59594163.03320004,1166034.2151000006,85
Kansas City,Food,2021-04,15298738.503099997,588128.7845000001,43
Kansas City,Lodging,2021-04,320438.85569999996,2355.5767,5
Kansas City,Energy,2021-05,61562639.7639,1246419.9985999987,83
Kansas City,Food,2021-05,16306207.684499996,606124.1033,47
Kansas City,Lodging,2021-05,532407.5316000001,3281.1560999999997,5
Kansas City,Energy,2021-06,58442899.11959998,1210342.6116999998,84
Kansas City,Food,2021-06,15331459.244399993,589513.6022,43
Kansas City,Lodging,2021-06,664020.8931,4071.598,5
Kansas City,Energy,2021-07,60128027.49450003,1260567.3719000004,86
Kansas City,Food,2021-07,15697304.322200002,600736.2348,44
Kansas City,Lodging,2021-07,770712.8678,3747.7875000000004,5
Kansas City,Energy,2021-08,60057626.52019998,1225989.4796,86
Kansas City,Food,2021-08,15975295.038999997,603330.3526000001,45
Kansas City,Lodging,2021-08,644435.0807,3603.5675,5
Kansas City,Energy,2021-09,55996823.45369999,1149392.8572999998,84
Kansas City,Food,2021-09,15094436.610499999,580026.6132999999,42
Kansas City,Lodging,2021-09,636545.6991,3469.3784000000005,5
Kansas City,Energy,2021-10,63364471.5079,1240695.7853,86
Kansas City,Food,2021-10,16426800.933899999,618739.9456,45
Kansas City,Lodging,2021-10,726596.1273,4408.4502,5
Kansas City,Energy,2021-11,64345187.069900036,1185687.7299999995,86
Kansas City,Food,2021-11,17139233.026900005,611577.7988,45
Kansas City,Lodging,2021-11,607967.2176999999,3375.6209,5
Kansas City,Energy,2021-12,73799157.15950003,1283049.7799000004,85
Kansas City,Food,2021-12,20186711.8478,642800.6327000003,46
Kansas City,Lodging,2021-12,493248.4126,3044.6816,5
Kansas City,Energy,2022-01,56678722.06790002,1043379.6226999995,84
Kansas City,Food,2022-01,15107732.537000004,556334.0321999998,45
Kansas City,Lodging,2022-01,603933.0951,2972.8233,5
Kansas City,Energy,2022-02,55101231.24989998,1023702.4629,85
Kansas City,Food,2022-02,14513031.5179,525940.4794999999,43
Kansas City,Lodging,2022-02,755277.9450999999,3978.8646,5
Kansas City,Energy,2022-03,65234193.58110001,1161495.4439000003,86
Kansas City,Food,2022-03,16866775.5074,622499.3189000001,47
Kansas City,Lodging,2022-03,857612.7462,4774.1264,5
Kansas City,Energy,2022-04,67008290.01600001,1193859.4387000003,88
Kansas City,Food,2022-04,16867453.6228,620773.0148000001,46
Kansas City,Lodging,2022-04,752175.6411,4307.2642,5
Kansas City,Energy,2022-05,69973211.21480002,1278166.0076000001,85
Kansas City,Food,2022-05,17468736.036399998,643380.1489999997,45
Kansas City,Lodging,2022-05,905742.0032000002,4558.194600000001,5
Kansas City,Energy,2022-06,67781768.75199997,1238487.3381000005,85
Kansas City,Food,2022-06,16735545.724100001,610578.6765000001,43
Kansas City,Lodging,2022-06,1092879.5380000002,4684.276800000001,5
Kansas City,Energy,2022-07,69101526.6169,1260824.2555000002,86
Kansas City,Food,2022-07,17516034.052699998,631815.6065999997,44
Kansas City,Lodging,2022-07,963792.8826000001,4127.084699999999,5
Kansas City,Energy,2022-08,68573262.53360003,1234909.3605000002,87
Kansas City,Food,2022-08,17714973.494700007,641423.6999,47
Kansas City,Lodging,2022-08,1023315.8086999999,4452.0112,5
Kansas City,Energy,2022-09,64892617.51959997,1187115.9190999991,87
Kansas City,Food,2022-09,16809937.433900002,622339.1555000001,45
Kansas City,Lodging,2022-09,709797.8742000002,3934.3410999999996,5
Kansas City,Energy,2022-10,68666311.71510002,1229407.1914000004,85
Kansas City,Food,2022-10,18196863.018899996,655841.3269999998,47
Kansas City,Lodging,2022-10,1003139.9388000001,5194.4220000000005,5
Kansas City,Energy,2022-11,74366725.96969995,1205804.6793999998,88
Kansas City,Food,2022-11,18357032.7782,639169.0752999997,45
Kansas City,Lodging,2022-11,837561.2783,3936.7609,5
Kansas City,Energy,2022-12,78934282.96779998,1298059.5892999992,85
Kansas City,Food,2022-12,21412701.601699997,667512.0381000001,46
Kansas City,Lodging,2022-12,871280.2204000001,4453.5908,5
Kansas City,Energy,2023-01,61376969.04920002,1102924.3657,88
Kansas City,Food,2023-01,16717288.874800004,605516.9537,44
Kansas City,Lodging,2023-01,745540.8651,4003.7365,5
Kansas City,Energy,2023-02,60767521.81649994,1087584.842,87
Kansas City,Food,2023-02,16661931.939900005,597757.2764999999,46
Kansas City,Lodging,2023-02,933968.9406000001,4627.7423,5
Kansas City,Energy,2023-03,66550273.77939998,1188521.4278000002,88
Kansas City,Food,2023-03,18918412.0718,678840.8300000001,44
Kansas City,Lodging,2023-03,1159510.8651,5374.3818,5
Kansas City,Energy,2023-04,70318914.92990004,1238474.4921000004,88
Kansas City,Food,2023-04,18379862.9593,657102.1904000001,45
Kansas City,Lodging,2023-04,839531.2036,5008.301300000001,5
Kansas City,Energy,2023-05,73013042.55770004,1293883.9392,87
Kansas City,Food,2023-05,19337225.463600002,675216.9266000001,45
Kansas City,Lodging,2023-05,1059075.6472999998,5163.1877,5
Kansas City,Energy,2023-06,69285288.4808,1281123.1121000003,84
Kansas City,Food,2023-06,17938781.218000002,655782.6957,44
Kansas City,Lodging,2023-06,1114166.1308,5253.668500000001,5
Kansas City,Energy,2023-07,73692319.78850001,1302662.3606999996,86
Kansas City,Food,2023-07,18415246.4797,656499.0962999999,44
Kansas City,Lodging,2023-07,1311380.5152000003,5822.018599999999,5
Kansas City,Energy,2023-08,71937081.51149999,1317594.3020999997,86
Kansas City,Food,2023-08,19399548.47309999,684910.2784999998,45
Kansas City,Lodging,2023-08,862540.6885999999,5210.770600000001,5
Kansas City,Energy,2023-09,69112799.1957,1225840.1923000002,85
Kansas City,Food,2023-09,18157910.08749999,666791.9877,44
Kansas City,Lodging,2023-09,875613.7191,4618.896500000001,5
Kansas City,Energy,2023-10,73593536.86929998,1290138.1087000004,85
Kansas City,Food,2023-10,18860911.1123,691889.0114999997,46
Kansas City,Lodging,2023-10,863273.5028000001,4683.1173,5
Kansas City,Energy,2023-11,73374942.3175,1263415.4028999996,88
Kansas City,Food,2023-11,19185256.9794,660165.6368,44
Kansas City,Lodging,2023-11,771164.7808,4254.597399999999,5
Kansas City,Energy,2023-12,83796519.3274,1360100.4126999995,84
Kansas City,Food,2023-12,22899468.428200003,712998.3563999999,46
Kansas City,Lodging,2023-12,837015.0429999998,3737.1482000000005,5
Kansas City,Energy,2024-01,65258515.6903,1142261.6653000002,85
Kansas City,Food,2024-01,17325254.23999999,613439.2047,44
Kansas City,Lodging,2024-01,890211.5692,4024.7864,5
Kansas City,Energy,2024-02,63790770.44690003,1167315.0038000003,83
Kansas City,Food,2024-02,17679517.144899994,650126.649,45
Kansas City,Lodging,2024-02,810041.3778000001,4888.8097,5
Kansas City,Energy,2024-03,74839232.9716,1300753.844,87
Kansas City,Food,2024-03,19662692.157999992,698403.5854000001,45
Kansas City,Lodging,2024-03,1120492.5089,5714.574699999999,5
Kansas City,Energy,2024-04,69195296.8972,1253820.8151999998,84
Kansas City,Food,2024-04,18619704.83019999,689720.5996,42
Kansas City,Lodging,2024-04,1019527.2573,5282.5977,5
Kansas City,Energy,2024-05,76379789.81719998,1336395.2679999997,87
Kansas City,Food,2024-05,20225218.029700004,718361.618,45
Kansas City,Lodging,2024-05,1031500.5958,5402.815300000001,5
Kansas City,Energy,2024-06,72918127.0579,1317939.2687000004,84
Kansas City,Food,2024-06,19124821.21940001,684696.1166,44
Kansas City,Lodging,2024-06,975281.8884,5885.2686,5
Kansas City,Energy,2024-07,71412691.8915,1288804.0606999993,84
Kansas City,Food,2024-07,19461135.395400003,690778.4448000003,45
Kansas City,Lodging,2024-07,1313482.6579,5465.1091,5
Kansas City,Energy,2024-08,73133075.97639997,1370756.0219000005,86
Kansas City,Food,2024-08,20264227.3692,719999.4745000002,46
Kansas City,Lodging,2024-08,1110618.8634000001,4936.780000000001,5
Kansas City,Energy,2024-09,67431044.73579998,1266390.9855,84
Kansas City,Food,2024-09,18650017.130700007,680575.8462000001,45
Kansas City,Lodging,2024-09,1180398.7976000002,5250.173500000001,5
Kansas City,Energy,2024-10,72159770.09479992,1305784.2629000004,86
Kansas City,Food,2024-10,19664098.032000005,720660.4801000002,44
Kansas City,Lodging,2024-10,1033762.4704,5228.3661,5
Kansas City,Energy,2024-11,78088164.42509995,1303529.1953000003,84
Kansas City,Food,2024-11,20868328.184200007,700915.2429999998,42
Kansas City,Lodging,2024-11,1010641.9912,4420.5214,5
Kansas City,Energy,2024-12,86351499.36059996,1431711.4301999998,85
Kansas City,Food,2024-12,23966373.803,719189.1807999997,47
Kansas City,Lodging,2024-12,649476.7609,4006.432,5
Los Angeles / SF Bay Area,Energy,2020-01,262475048.17420006,5699953.8671999965,48
Los Angeles / SF Bay Area,Food,2020-01,23668307.973600004,1480308.2036000001,16
Los Angeles / SF Bay Area,Lodging,2020-01,7242651.164900001,37322.89690000001,8
Los Angeles / SF Bay Area,Energy,2020-02,267213311.9747,5843391.8183,49
Los Angeles / SF Bay Area,Food,2020-02,23677812.7659,1446751.9855999998,15
Los Angeles / SF Bay Area,Lodging,2020-02,7407378.838300001,40163.436499999996,8
Los Angeles / SF Bay Area,Energy,2020-03,341006670.8761999,6281772.588700003,48
Los Angeles / SF Bay Area,Food,2020-03,22701272.778799996,1284890.9851999998,15
Los Angeles / SF Bay Area,Lodging,2020-03,4950286.8238,23172.735800000006,8
Los Angeles / SF Bay Area,Energy,2020-04,309680634.21980006,5092565.8262,46
Los Angeles / SF Bay Area,Food,2020-04,21872026.7672,1085589.9631999996,14
Los Angeles / SF Bay Area,Lodging,2020-04,1623160.5540999998,7751.1793,7
Los Angeles / SF Bay Area,Energy,2020-05,316984537.78169996,5559425.323399999,48
Los Angeles / SF Bay Area,Food,2020-05,25419480.697300002,1281769.6368,15
Los Angeles / SF Bay Area,Lodging,2020-05,2324004.1540999995,11374.4054,8
Los Angeles / SF Bay Area,Energy,2020-06,287727609.7436,5255204.500000001,50
Los Angeles / SF Bay Area,Food,2020-06,24408557.119299993,1306338.9148,14
Los Angeles / SF Bay Area,Lodging,2020-06,3380447.1687000003,16602.451100000002,8
Los Angeles / SF Bay Area,Energy,2020-07,310762515.68380004,5601541.744600001,48
Los Angeles / SF Bay Area,Food,2020-07,26606485.15609999,1379024.8772000002,15
Los Angeles / SF Bay Area,Lodging,2020-07,4151222.5075000003,19601.802899999995,8
Los Angeles / SF Bay Area,Energy,2020-08,308303152.8830001,5775048.3716,50
Los Angeles / SF Bay Area,Food,2020-08,27076407.092999995,1445038.4772,16
Los Angeles / SF Bay Area,Lodging,2020-08,5099795.281299999,24822.4156,8
Los Angeles / SF Bay Area,Energy,2020-09,289399627.89949995,5571761.961800001,48
Los Angeles / SF Bay Area,Food,2020-09,26281221.1632,1363529.9735000003,16
Los Angeles / SF Bay Area,Lodging,2020-09,5192179.1258000005,26358.2603,8
Los Angeles / SF Bay Area,Energy,2020-10,306216719.1798001,5841265.704100001,47
Los Angeles / SF Bay Area,Food,2020-10,28394425.9524,1491408.9896000002,16
Los Angeles / SF Bay Area,Lodging,2020-10,5710779.3922999995,28552.292900000008,8
Los Angeles / SF Bay Area,Energy,2020-11,339727072.3592,5799093.878700001,48
Los Angeles / SF Bay Area,Food,2020-11,25888637.5382,1385062.3791,16
Los Angeles / SF Bay Area,Lodging,2020-11,4931603.884399999,24653.802500000005,8
Los Angeles / SF Bay Area,Energy,2020-12,373258005.53409994,6262336.609200001,47
Los Angeles / SF Bay Area,Food,2020-12,28094800.52,1419796.5840000003,15
Los Angeles / SF Bay Area,Lodging,2020-12,3638862.128900001,18806.7165,8
Los Angeles / SF Bay Area,Energy,2021-01,290034971.48490024,5484384.639100002,49
Los Angeles / SF Bay Area,Food,2021-01,28048522.863,1423087.5559999999,14
Los Angeles / SF Bay Area,Lodging,2021-01,3999482.886499999,20312.2631,8
Los Angeles / SF Bay Area,Energy,2021-02,266657189.707,5080221.377900002,48
Los Angeles / SF Bay Area,Food,2021-02,25397489.290199995,1293421.2032999997,16
Los Angeles / SF Bay Area,Lodging,2021-02,4882183.793199999,24606.791299999997,8
Los Angeles / SF Bay Area,Energy,2021-03,312523003.31090003,5689570.453899998,50
Los Angeles / SF Bay Area,Food,2021-03,29646362.06610001,1546928.4865,16
Los Angeles / SF Bay Area,Lodging,2021-03,6745973.545399999,32041.131199999996,8
Los Angeles / SF Bay Area,Energy,2021-04,304673957.89750004,5607177.395500001,50
Los Angeles / SF Bay Area,Food,2021-04,29785018.832300007,1520112.8929,16
Los Angeles / SF Bay Area,Lodging,2021-04,8176800.536799999,35860.512,8
Los Angeles / SF Bay Area,Energy,2021-05,327398590.1912001,6031437.356400002,50
Los Angeles / SF Bay Area,Food,2021-05,30112504.7718,1548783.7082999998,15
Los Angeles / SF Bay Area,Lodging,2021-05,9400667.196000002,42647.667400000006,8
Los Angeles / SF Bay Area,Energy,2021-06,309628681.5349,5985538.665399998,48
Los Angeles / SF Bay Area,Food,2021-06,29228456.794599995,1479222.9927,14
Los Angeles / SF Bay Area,Lodging,2021-06,11536579.6292,46063.8145,8
Los Angeles / SF Bay Area,Energy,2021-07,325026756.12650007,6005934.8287,49
Los Angeles / SF Bay Area,Food,2021-07,30464456.835200004,1541778.8800999997,15
Los Angeles / SF Bay Area,Lodging,2021-07,13588011.3382,52673.78830000001,8
Los Angeles / SF Bay Area,Energy,2021-08,316785390.4764,5950220.511,49
Los Angeles / SF Bay Area,Food,2021-08,29794895.7219,1520830.4787,16
Los Angeles / SF Bay Area,Lodging,2021-08,12172076.0845,49752.92659999999,8
Los Angeles / SF Bay Area,Energy,2021-09,295084228.67709994,5686642.766000002,50
Los Angeles / SF Bay Area,Food,2021-09,28483433.6094,1485309.117,15
Los Angeles / SF Bay Area,Lodging,2021-09,10125768.897799999,43605.4693,8
Los Angeles / SF Bay Area,Energy,2021-10,323197767.33199996,6196517.2470999975,50
Los Angeles / SF Bay Area,Food,2021-10,31718430.6923,1586977.5634,15
Los Angeles / SF Bay Area,Lodging,2021-10,11533266.947099999,47753.35159999999,8
Los Angeles / SF Bay Area,Energy,2021-11,334596752.9304,5960743.783900001,49
Los Angeles / SF Bay Area,Food,2021-11,28953563.855400003,1484494.5234,15
Los Angeles / SF Bay Area,Lodging,2021-11,9972601.0408,42139.1541,8
Los Angeles / SF Bay Area,Energy,2021-12,378330477.71669996,6449527.996300001,48
Los Angeles / SF Bay Area,Food,2021-12,30350879.560000002,1474168.8294000002,14
Los Angeles / SF Bay Area,Lodging,2021-12,8935200.3281,40485.540499999996,8
Los Angeles / SF Bay Area,Energy,2022-01,287667736.77729994,5519854.773699999,50
Los Angeles / SF Bay Area,Food,2022-01,28705757.946299993,1436215.2924000002,14
Los Angeles / SF Bay Area,Lodging,2022-01,7956078.294900001,33369.998700000004,8
Los Angeles / SF Bay Area,Energy,2022-02,272791953.1228,5192217.7252,49
Los Angeles / SF Bay Area,Food,2022-02,27078594.628900006,1365443.4762,14
Los Angeles / SF Bay Area,Lodging,2022-02,8194044.339999998,34324.840899999996,8
Los Angeles / SF Bay Area,Energy,2022-03,305830779.8526,5792179.876200001,49
Los Angeles / SF Bay Area,Food,2022-03,29707313.129599996,1547435.8259000005,14
Los Angeles / SF Bay Area,Lodging,2022-03,10066422.0689,41766.367,8
Los Angeles / SF Bay Area,Energy,2022-04,320134905.8897002,5637365.6754,50
Los Angeles / SF Bay Area,Food,2022-04,30009983.962299988,1485004.2340999998,15
Los Angeles / SF Bay Area,Lodging,2022-04,10743039.513,46008.0899,8
Los Angeles / SF Bay Area,Energy,2022-05,332736352.98319995,6077181.962599998,50
Los Angeles / SF Bay Area,Food,2022-05,31104060.760700002,1509294.2029000004,14
Los Angeles / SF Bay Area,Lodging,2022-05,11854797.031800002,48604.50140000001,8
Los Angeles / SF Bay Area,Energy,2022-06,323801266.57280004,5914852.9772,50
Los Angeles / SF Bay Area,Food,2022-06,30196677.280199997,1446366.4015000002,14
Los Angeles / SF Bay Area,Lodging,2022-06,12678598.289,48160.590500000006,8
Los Angeles / SF Bay Area,Energy,2022-07,327926474.71450007,6040247.904099999,50
Los Angeles / SF Bay Area,Food,2022-07,30830362.3041,1473129.2700999998,14
Los Angeles / SF Bay Area,Lodging,2022-07,13431862.073299998,53054.669299999994,8
Los Angeles / SF Bay Area,Energy,2022-08,326571328.3979001,6233703.916299997,50
Los Angeles / SF Bay Area,Food,2022-08,30989252.605900005,1525063.8582000001,14
Los Angeles / SF Bay Area,Lodging,2022-08,11570749.761100002,46600.3519,8
Los Angeles / SF Bay Area,Energy,2022-09,309144558.66190004,5694680.250900002,50
Los Angeles / SF Bay Area,Food,2022-09,30424534.667599995,1495036.586,14
Los Angeles / SF Bay Area,Lodging,2022-09,10974886.0329,47073.6728,8
Los Angeles / SF Bay Area,Energy,2022-10,325061580.65340006,5962139.934800002,52
Los Angeles / SF Bay Area,Food,2022-10,31585204.805,1536740.6887000003,14
Los Angeles / SF Bay Area,Lodging,2022-10,11139792.040599998,47820.5907,8
Los Angeles / SF Bay Area,Energy,2022-11,339432317.4376,6027997.8328,51
Los Angeles / SF Bay Area,Food,2022-11,28893379.261300005,1385299.6066,14
Los Angeles / SF Bay Area,Lodging,2022-11,9358861.9375,40387.5509,8
Los Angeles / SF Bay Area,Energy,2022-12,368310261.2630999,6348109.227600002,48
Los Angeles / SF Bay Area,Food,2022-12,29930142.6509,1407754.4954000004,14
Los Angeles / SF Bay Area,Lodging,2022-12,9264464.145399999,40067.5141,8
Los Angeles / SF Bay Area,Energy,2023-01,286629867.422,5463576.672,49
Los Angeles / SF Bay Area,Food,2023-01,30480235.033699993,1389479.8665999998,14
Los Angeles / SF Bay Area,Lodging,2023-01,8080764.651000001,35439.216400000005,8
Los Angeles / SF Bay Area,Energy,2023-02,278567224.41130006,5159186.220500002,49
Los Angeles / SF Bay Area,Food,2023-02,27631704.528000005,1318826.9819,14
Los Angeles / SF Bay Area,Lodging,2023-02,7930008.289,35472.1799,8
Los Angeles / SF Bay Area,Energy,2023-03,312184759.86109984,5614628.6569,50
Los Angeles / SF Bay Area,Food,2023-03,31999375.234400004,1526242.7686,15
Los Angeles / SF Bay Area,Lodging,2023-03,10019374.404199999,41298.4575,8
Los Angeles / SF Bay Area,Energy,2023-04,317893665.9092,5650826.567999998,49
Los Angeles / SF Bay Area,Food,2023-04,30853221.7611,1464450.2601,15
Los Angeles / SF Bay Area,Lodging,2023-04,10521718.0779,45320.972499999996,8
Los Angeles / SF Bay Area,Energy,2023-05,325094125.9827,6030548.494100003,50
Los Angeles / SF Bay Area,Food,2023-05,31321144.583899997,1511616.6596000001,15
Los Angeles / SF Bay Area,Lodging,2023-05,11272167.445500001,45499.378899999996,8
Los Angeles / SF Bay Area,Energy,2023-06,318778702.56330013,5894382.586600002,48
Los Angeles / SF Bay Area,Food,2023-06,30596783.365499996,1473242.6295999996,14
Los Angeles / SF Bay Area,Lodging,2023-06,11854824.7814,47714.996100000004,8
Los Angeles / SF Bay Area,Energy,2023-07,342414383.708,6294659.799499998,48
Los Angeles / SF Bay Area,Food,2023-07,30832164.7471,1453711.8361,14
Los Angeles / SF Bay Area,Lodging,2023-07,12529427.110099997,50821.3911,8
Los Angeles / SF Bay Area,Energy,2023-08,324417710.232,6201058.715399997,49
Los Angeles / SF Bay Area,Food,2023-08,30996296.575499997,1495152.3761999998,14
Los Angeles / SF Bay Area,Lodging,2023-08,11217460.8841,45887.089900000006,8
Los Angeles / SF Bay Area,Energy,2023-09,304684021.50380003,5847005.0041000005,49
Los Angeles / SF Bay Area,Food,2023-09,30107984.190999992,1445940.4396000002,14
Los Angeles / SF Bay Area,Lodging,2023-09,9894798.920300001,43193.6839,8
Los Angeles / SF Bay Area,Energy,2023-10,319372499.2868999,6126284.8973,49
Los Angeles / SF Bay Area,Food,2023-10,31573569.588999987,1517558.7208000002,14
Los Angeles / SF Bay Area,Lodging,2023-10,10066022.418200001,43720.794,8
Los Angeles / SF Bay Area,Energy,2023-11,356146083.04479986,6200834.054799999,48
Los Angeles / SF Bay Area,Food,2023-11,29403168.0962,1378418.4904,14
Los Angeles / SF Bay Area,Lodging,2023-11,8705885.398,38842.547600000005,8
Los Angeles / SF Bay Area,Energy,2023-12,381294446.3523998,6649831.6444,48
Los Angeles / SF Bay Area,Food,2023-12,31610243.546199996,1417676.2709,14
Los Angeles / SF Bay Area,Lodging,2023-12,7450957.830800001,34897.129799999995,8
Los Angeles / SF Bay Area,Energy,2024-01,296701429.1826,5648181.1688,47
Los Angeles / SF Bay Area,Food,2024-01,29886935.680600002,1428159.1628999999,14
Los Angeles / SF Bay Area,Lodging,2024-01,7130751.532400002,33030.778600000005,8
Los Angeles / SF Bay Area,Energy,2024-02,290248062.21479994,5393965.512500001,49
Los Angeles / SF Bay Area,Food,2024-02,29169643.688399997,1392718.4272999999,14
Los Angeles / SF Bay Area,Lodging,2024-02,7089111.185199999,33488.6251,8
Los Angeles / SF Bay Area,Energy,2024-03,319900244.06290007,5942545.243499999,48
Los Angeles / SF Bay Area,Food,2024-03,33110255.883899994,1547788.1829,14
Los Angeles / SF Bay Area,Lodging,2024-03,8838327.8699,38539.8141,8
Los Angeles / SF Bay Area,Energy,2024-04,303814767.4116001,5699440.698300002,48
Los Angeles / SF Bay Area,Food,2024-04,32655269.392199997,1516760.7303,14
Los Angeles / SF Bay Area,Lodging,2024-04,9296416.479299998,40601.4436,8
Los Angeles / SF Bay Area,Energy,2024-05,329551616.69630015,6255629.6447,46
Los Angeles / SF Bay Area,Food,2024-05,33132498.20260001,1454492.4167,14
Los Angeles / SF Bay Area,Lodging,2024-05,9784048.985100001,43902.9511,8
Los Angeles / SF Bay Area,Energy,2024-06,332598432.29580003,6142952.1562,48
Los Angeles / SF Bay Area,Food,2024-06,31183887.457800005,1373405.1515000002,15
Los Angeles / SF Bay Area,Lodging,2024-06,10220399.5641,45290.3447,8
Los Angeles / SF Bay Area,Energy,2024-07,326711078.7224001,6418509.128699999,48
Los Angeles / SF Bay Area,Food,2024-07,30689128.857899994,1366865.3468000002,15
Los Angeles / SF Bay Area,Lodging,2024-07,11186743.1493,46749.184799999995,8
Los Angeles / SF Bay Area,Energy,2024-08,334760948.92240006,6200217.397600001,48
Los Angeles / SF Bay Area,Food,2024-08,31816411.320100013,1444077.0517999995,16
Los Angeles / SF Bay Area,Lodging,2024-08,9774402.858199999,42169.730599999995,8
Los Angeles / SF Bay Area,Energy,2024-09,305332003.8923999,5732261.6546,46
Los Angeles / SF Bay Area,Food,2024-09,30083511.141999997,1356685.3022,15
Los Angeles / SF Bay Area,Lodging,2024-09,9445764.440900002,40889.30069999999,8
Los Angeles / SF Bay Area,Energy,2024-10,323020374.85270005,5918251.682000001,46
Los Angeles / SF Bay Area,Food,2024-10,32128042.387500007,1470844.5478000003,15
Los Angeles / SF Bay Area,Lodging,2024-10,9483738.091200002,40818.3695,8
Los Angeles / SF Bay Area,Energy,2024-11,342200363.40080005,6052060.366500001,48
Los Angeles / SF Bay Area,Food,2024-11,29225710.801699996,1320928.9207,15
Los Angeles / SF Bay Area,Lodging,2024-11,7741465.662900001,37471.6522,8
Los Angeles / SF Bay Area,Energy,2024-12,378515937.1016999,6750898.0546999965,46
Los Angeles / SF Bay Area,Food,2024-12,30846941.2963,1299027.6902,15
Los Angeles / SF Bay Area,Lodging,2024-12,7637839.198400001,35626.58299999999,8
Miami,Energy,2020-01,54907249.970400006,2221624.8939,66
Miami,Food,2020-01,5802763.0260999985,349208.2604000001,17
Miami,Lodging,2020-01,3856733.9619,18338.991499999996,6
Miami,Energy,2020-02,51225082.617199995,2158882.1976999994,66
Miami,Food,2020-02,5753510.735200001,354862.693,17
Miami,Lodging,2020-02,3534078.5623999997,16415.363400000002,6
Miami,Energy,2020-03,46949749.9123,2073532.7691,66
Miami,Food,2020-03,5168522.619600001,284182.1822,17
Miami,Lodging,2020-03,2717441.4139000005,13574.847000000002,6
Miami,Energy,2020-04,29954996.998699997,1468674.9742999992,65
Miami,Food,2020-04,4287378.7278,224035.61949999997,15
Miami,Lodging,2020-04,719989.8013,4131.255700000001,5
Miami,Energy,2020-05,39536076.28609998,1883325.1328000003,67
Miami,Food,2020-05,5556391.9394000005,282550.5797,16
Miami,Lodging,2020-05,1682410.0109,10126.622599999999,6
Miami,Energy,2020-06,44630914.90400002,2043129.7986999988,68
Miami,Food,2020-06,5583330.1897,306923.729,15
Miami,Lodging,2020-06,2811801.4953,16494.8561,6
Miami,Energy,2020-07,48840928.7465,2169554.3599,69
Miami,Food,2020-07,6051749.377200001,316909.80299999996,17
Miami,Lodging,2020-07,3655001.4179999996,19504.4835,6
Miami,Energy,2020-08,49028830.19499997,2182588.0051000006,69
Miami,Food,2020-08,6038215.350400001,328992.90929999994,18
Miami,Lodging,2020-08,3805615.1020000004,21556.94,6
Miami,Energy,2020-09,48099722.065799996,2130116.0719,68
Miami,Food,2020-09,5910241.965600002,326334.20119999995,18
Miami,Lodging,2020-09,3882263.5587999998,22330.8106,6
Miami,Energy,2020-10,51689318.259300016,2244600.928099999,68
Miami,Food,2020-10,6805474.779699999,360081.1603,20
Miami,Lodging,2020-10,3931674.7331,23595.6782,6
Miami,Energy,2020-11,46611092.7859,2100415.7679000003,67
Miami,Food,2020-11,5968832.605100002,316372.8066,20
Miami,Lodging,2020-11,3371716.7701000003,19672.9119,6
Miami,Energy,2020-12,51017549.42959998,2156769.1599000003,68
Miami,Food,2020-12,6031407.7169,328427.36769999994,20
Miami,Lodging,2020-12,3646740.3911,20379.9422,6
Miami,Energy,2021-01,51438200.698,2129889.4662000006,67
Miami,Food,2021-01,6584670.681699999,344054.75419999997,18
Miami,Lodging,2021-01,3344243.9364000005,18427.3355,6
Miami,Energy,2021-02,51228761.08470002,1996710.9109999998,67
Miami,Food,2021-02,5996089.2928,318313.3013,19
Miami,Lodging,2021-02,3266941.2688999996,17799.8347,6
Miami,Energy,2021-03,67789195.66320005,2405340.1182999983,67
Miami,Food,2021-03,7144887.6038,379007.69670000003,19
Miami,Lodging,2021-03,4567913.7407,22909.5913,6
Miami,Energy,2021-04,65461148.51459998,2319411.0944999997,67
Miami,Food,2021-04,7149423.212499999,369299.39450000005,19
Miami,Lodging,2021-04,4802982.6251,23275.7736,6
Miami,Energy,2021-05,71296678.79350005,2531616.513099999,69
Miami,Food,2021-05,7104456.268800002,371104.9158999999,20
Miami,Lodging,2021-05,6080699.446800001,29751.764199999998,6
Miami,Energy,2021-06,68523588.7748,2430353.899499999,68
Miami,Food,2021-06,6833820.595799999,359631.48709999997,19
Miami,Lodging,2021-06,6836929.970999999,30340.750200000002,6
Miami,Energy,2021-07,73156375.52580003,2491238.3838,70
Miami,Food,2021-07,7442878.226999998,372741.84699999995,19
Miami,Lodging,2021-07,7894329.5454,32727.5624,6
Miami,Energy,2021-08,70070227.4465,2425378.3390000015,70
Miami,Food,2021-08,7373367.4582,377581.6722000001,19
Miami,Lodging,2021-08,6454507.3220999995,29182.777599999998,6
Miami,Energy,2021-09,69130775.6386,2371534.4621,70
Miami,Food,2021-09,7227652.759999998,382400.39690000005,20
Miami,Lodging,2021-09,5943926.857100001,27182.7206,6
Miami,Energy,2021-10,77114020.67250003,2491762.4584,70
Miami,Food,2021-10,7972021.452999999,404241.5552,19
Miami,Lodging,2021-10,6761660.381099999,31769.976700000007,6
Miami,Energy,2021-11,73571961.12150005,2340695.1103999997,68
Miami,Food,2021-11,7645773.085600002,375420.7653,19
Miami,Lodging,2021-11,5698564.976199999,26062.2005,6
Miami,Energy,2021-12,74428256.13260001,2394784.6792999986,68
Miami,Food,2021-12,7803171.5045,370603.71580000006,19
Miami,Lodging,2021-12,5874438.8755,25736.385200000004,6
Miami,Energy,2022-01,66770922.5468,2144739.8599999994,68
Miami,Food,2022-01,7642200.117899998,379474.3261,19
Miami,Lodging,2022-01,4622837.4982,19442.8115,6
Miami,Energy,2022-02,70629534.8818,2160561.5176000004,69
Miami,Food,2022-02,7044645.127800001,353491.14030000014,20
Miami,Lodging,2022-02,4182289.9193,17966.820200000002,6
Miami,Energy,2022-03,89730819.66250002,2480062.504700002,68
Miami,Food,2022-03,8143686.0503,399639.5843000001,20
Miami,Lodging,2022-03,5729725.763899999,22434.0707,6
Miami,Energy,2022-04,89101865.05330001,2432226.121299999,70
Miami,Food,2022-04,7694182.299399999,384450.58110000007,20
Miami,Lodging,2022-04,5522446.377200001,23098.756100000002,6
Miami,Energy,2022-05,98596699.77500008,2552035.0607000003,69
Miami,Food,2022-05,7915215.423700001,379667.39749999996,19
Miami,Lodging,2022-05,6976724.718,29159.32,6
Miami,Energy,2022-06,99010648.70900004,2462556.028500001,69
Miami,Food,2022-06,7445922.975599999,371503.0188000001,19
Miami,Lodging,2022-06,7042335.649,27605.054999999997,6
Miami,Energy,2022-07,93733542.3628,2493256.236900001,70
Miami,Food,2022-07,7548697.2575,371474.20100000006,19
Miami,Lodging,2022-07,7758020.450700001,31785.400499999996,6
Miami,Energy,2022-08,84001061.3507,2441949.859700001,69
Miami,Food,2022-08,7702801.106000001,373019.31609999994,20
Miami,Lodging,2022-08,6545623.999,28621.531600000002,6
Miami,Energy,2022-09,79473335.1899,2431500.471200002,69
Miami,Food,2022-09,7410734.689800002,352608.7772000001,20
Miami,Lodging,2022-09,6725243.567300001,29551.546199999997,6
Miami,Energy,2022-10,76565848.04499999,2382015.3148000007,69
Miami,Food,2022-10,7938989.5232,376081.70510000014,20
Miami,Lodging,2022-10,6512548.3717,28640.163399999998,6
Miami,Energy,2022-11,75105716.58770001,2286449.8050000006,69
Miami,Food,2022-11,7807451.579,346284.6995,20
Miami,Lodging,2022-11,5380425.688,23868.043099999995,6
Miami,Energy,2022-12,72210296.39329998,2307517.8851,71
Miami,Food,2022-12,7908894.647899998,357885.9643000001,20
Miami,Lodging,2022-12,5956393.276000001,25305.227400000003,6
Miami,Energy,2023-01,72651544.0013,2211661.5872000004,68
Miami,Food,2023-01,8192774.013800001,385676.8174000002,20
Miami,Lodging,2023-01,4810168.412199999,19704.005999999998,6
Miami,Energy,2023-02,67983473.88080001,2082058.7041000002,69
Miami,Food,2023-02,7308751.0405,345991.2739,20
Miami,Lodging,2023-02,4448796.6957,17400.7696,6
Miami,Energy,2023-03,76259912.95449996,2275210.4627,67
Miami,Food,2023-03,8411050.454,401653.28059999994,21
Miami,Lodging,2023-03,5433429.2817,22192.2808,6
Miami,Energy,2023-04,76851867.9294,2199261.764100001,69
Miami,Food,2023-04,8028021.296599999,377357.85940000013,20
Miami,Lodging,2023-04,5567797.6991,23627.394399999997,6
Miami,Energy,2023-05,78714197.04300001,2316448.412500001,67
Miami,Food,2023-05,8484600.6464,395410.3449,20
Miami,Lodging,2023-05,6567155.8325,28112.838499999998,6
Miami,Energy,2023-06,76346286.04499994,2363173.6844,69
Miami,Food,2023-06,7976940.825199999,388508.91860000003,20
Miami,Lodging,2023-06,7265799.314199999,31196.2886,6
Miami,Energy,2023-07,79175201.73850001,2455015.2155999998,69
Miami,Food,2023-07,8154273.007100001,377665.2306,20
Miami,Lodging,2023-07,7237567.640999999,31875.5726,6
Miami,Energy,2023-08,89679716.60360003,2581641.708300001,69
Miami,Food,2023-08,8196871.8641,400975.9997000001,20
Miami,Lodging,2023-08,6417473.9418,28759.025800000003,6
Miami,Energy,2023-09,79315490.48869997,2342185.5982000013,68
Miami,Food,2023-09,8164517.195000002,403095.3152,20
Miami,Lodging,2023-09,6012380.2147,27031.979600000006,6
Miami,Energy,2023-10,77530403.11780001,2423712.2313,70
Miami,Food,2023-10,8718713.8452,415183.60559999995,20
Miami,Lodging,2023-10,6391292.383800001,28036.0909,6
Miami,Energy,2023-11,69242362.31580001,2206771.0241,68
Miami,Food,2023-11,8395794.4399,386577.77690000006,20
Miami,Lodging,2023-11,5208521.7215,23946.4202,6
Miami,Energy,2023-12,67218166.69980001,2184033.9770000004,69
Miami,Food,2023-12,8656583.7814,382029.82830000005,20
Miami,Lodging,2023-12,5465619.608000001,23551.5779,6
Miami,Energy,2024-01,64211261.30720003,2071487.3566000005,69
Miami,Food,2024-01,8973154.491099998,412876.1708000001,20
Miami,Lodging,2024-01,4307641.7257,18755.8127,6
Miami,Energy,2024-02,66234184.852100015,2070811.149500001,68
Miami,Food,2024-02,8281843.524500002,404670.8571,20
Miami,Lodging,2024-02,4277672.0659,17085.9125,6
Miami,Energy,2024-03,75975184.03559999,2329523.4918,68
Miami,Food,2024-03,9304556.117499998,435891.32009999995,20
Miami,Lodging,2024-03,5171224.697199999,21482.6555,6
Miami,Energy,2024-04,75691667.17499997,2278697.856699999,69
Miami,Food,2024-04,9486045.5833,461121.9277,20
Miami,Lodging,2024-04,5093909.4608000005,23215.892999999996,6
Miami,Energy,2024-05,78483941.334,2442453.2021,69
Miami,Food,2024-05,9581225.7553,451511.92209999997,20
Miami,Lodging,2024-05,6151387.3485,27553.6694,6
Miami,Energy,2024-06,72096949.0149,2258279.0297000003,69
Miami,Food,2024-06,8893381.441499999,414750.11110000004,19
Miami,Lodging,2024-06,6835768.234100001,29745.0613,6
Miami,Energy,2024-07,75294728.73600003,2334933.7341000014,69
Miami,Food,2024-07,9011115.755299997,419769.9456,20
Miami,Lodging,2024-07,6648234.099300001,28886.862699999998,6
Miami,Energy,2024-08,73638311.2014,2331212.922300001,68
Miami,Food,2024-08,9067638.428700002,431464.11889999994,20
Miami,Lodging,2024-08,5579067.361400001,26095.4732,6
Miami,Energy,2024-09,66766952.477,2179046.9523,69
Miami,Food,2024-09,8777487.5973,420564.6448,20
Miami,Lodging,2024-09,5542899.654,25883.1734,6
Miami,Energy,2024-10,68766064.48580003,2324120.8009,69
Miami,Food,2024-10,9205890.1717,440060.3260000001,20
Miami,Lodging,2024-10,6676105.014099999,27150.953500000003,6
Miami,Energy,2024-11,65325781.25570001,2127802.3285,69
Miami,Food,2024-11,9308412.8817,430985.2341,19
Miami,Lodging,2024-11,4901658.0504,22344.186700000002,6
Miami,Energy,2024-12,64750242.951000005,2168862.8125,70
Miami,Food,2024-12,9127063.293899998,405163.1971000001,20
Miami,Lodging,2024-12,5769035.9842,23372.771300000004,6
New York/New Jersey,Energy,2020-01,82930572.02740002,1773519.9772999994,90
New York/New Jersey,Food,2020-01,38211625.394499995,2238584.2152999993,36
New York/New Jersey,Lodging,2020-01,2467231.6552,13070.360499999997,11
New York/New Jersey,Energy,2020-02,80853096.62289996,1742536.9845000003,88
New York/New Jersey,Food,2020-02,39229749.7965,2293802.4511,37
New York/New Jersey,Lodging,2020-02,2773076.1406,14668.5508,10
New York/New Jersey,Energy,2020-03,97011439.00580004,1786833.1428999994,88
New York/New Jersey,Food,2020-03,38976072.61419999,1939301.0602999998,37
New York/New Jersey,Lodging,2020-03,1906573.6524,9367.1149,10
New York/New Jersey,Energy,2020-04,81897685.41830005,1393466.9757000005,88
New York/New Jersey,Food,2020-04,30147952.3621,1298218.6460999995,33
New York/New Jersey,Lodging,2020-04,299660.0677,1634.8947000000003,7
New York/New Jersey,Energy,2020-05,98961777.57990004,1753905.6295999992,91
New York/New Jersey,Food,2020-05,37035321.777299985,1688253.8355000005,34
New York/New Jersey,Lodging,2020-05,586446.3098,3435.7511000000004,8
New York/New Jersey,Energy,2020-06,99267353.71139991,1806826.3816,91
New York/New Jersey,Food,2020-06,39907671.2537,1925805.0828,35
New York/New Jersey,Lodging,2020-06,904391.9160000002,4658.518499999999,10
New York/New Jersey,Energy,2020-07,99030567.49279994,1943707.9852000005,95
New York/New Jersey,Food,2020-07,43426471.10790001,2156513.4159000004,34
New York/New Jersey,Lodging,2020-07,1562514.4915,6814.786,10
New York/New Jersey,Energy,2020-08,98231063.61659996,1964339.3907000003,94
New York/New Jersey,Food,2020-08,44689377.152799994,2312823.4296000004,33
New York/New Jersey,Lodging,2020-08,1948821.8801999998,9418.528100000001,10
New York/New Jersey,Energy,2020-09,92148020.48719998,1813724.4880000001,92
New York/New Jersey,Food,2020-09,43138166.6561,2328016.0227,34
New York/New Jersey,Lodging,2020-09,1286215.8874999997,7046.578799999999,9
New York/New Jersey,Energy,2020-10,99013094.454,1924974.7233999996,94
New York/New Jersey,Food,2020-10,45574362.05560002,2425148.1273999996,34
New York/New Jersey,Lodging,2020-10,1589244.2538000003,8725.238800000001,10
New York/New Jersey,Energy,2020-11,105726269.10429998,1882390.2906999995,93
New York/New Jersey,Food,2020-11,44301504.69289999,2290028.3518,37
New York/New Jersey,Lodging,2020-11,1059673.7087,6131.5244,9
New York/New Jersey,Energy,2020-12,113868502.9239,1904645.7337000014,91
New York/New Jersey,Food,2020-12,47120076.6724,2255412.7817000006,36
New York/New Jersey,Lodging,2020-12,1249152.0911000003,6370.963899999999,9
New York/New Jersey,Energy,2021-01,92042210.859,1743941.0812000013,93
New York/New Jersey,Food,2021-01,48527232.29439999,2262909.9202,36
New York/New Jersey,Lodging,2021-01,1338949.2964,6944.6991,10
New York/New Jersey,Energy,2021-02,80361052.06520003,1505696.1383999996,91
New York/New Jersey,Food,2021-02,44552566.2221,2030681.8186000003,35
New York/New Jersey,Lodging,2021-02,1460273.7573000002,7712.637399999999,10
New York/New Jersey,Energy,2021-03,101046891.5708,1831012.2055000002,90
New York/New Jersey,Food,2021-03,53875304.981000006,2576748.7545000017,35
New York/New Jersey,Lodging,2021-03,1788433.7827999997,9458.1269,10
New York/New Jersey,Energy,2021-04,100577553.01470004,1824382.5847000005,88
New York/New Jersey,Food,2021-04,53939107.7931,2558471.6696000006,38
New York/New Jersey,Lodging,2021-04,2518891.3444000003,11808.5814,10
New York/New Jersey,Energy,2021-05,107359393.45509996,1996990.7300000004,93
New York/New Jersey,Food,2021-05,55685951.715399995,2659244.3553,38
New York/New Jersey,Lodging,2021-05,2989098.3285000003,13469.142799999998,10
New York/New Jersey,Energy,2021-06,104505745.79640003,1986735.0093999994,92
New York/New Jersey,Food,2021-06,53511951.57639998,2594891.3285000003,39
New York/New Jersey,Lodging,2021-06,3535543.8776,13963.771300000002,11
New York/New Jersey,Energy,2021-07,103581603.89279997,2046220.5174999996,93
New York/New Jersey,Food,2021-07,54506557.004099995,2615230.6886,38
New York/New Jersey,Lodging,2021-07,4628064.5968,17358.7851,11
New York/New Jersey,Energy,2021-08,108032334.5104,2067312.9562000004,92
New York/New Jersey,Food,2021-08,54435950.98459999,2652689.702899999,38
New York/New Jersey,Lodging,2021-08,5508278.5216,19244.872600000002,11
New York/New Jersey,Energy,2021-09,98807098.78910005,1863313.6373999997,91
New York/New Jersey,Food,2021-09,50792744.246899985,2632218.4801,37
New York/New Jersey,Lodging,2021-09,3393548.5143999998,14325.4425,11
New York/New Jersey,Energy,2021-10,109164528.85029998,1998304.0721,90
New York/New Jersey,Food,2021-10,54730190.11309999,2763750.9029000006,38
New York/New Jersey,Lodging,2021-10,3863960.261599999,16226.1598,11
New York/New Jersey,Energy,2021-11,118679957.71340002,1955954.5782000017,95
New York/New Jersey,Food,2021-11,53329389.8064,2640143.350799999,37
New York/New Jersey,Lodging,2021-11,3090350.4878000002,13769.277999999995,10
New York/New Jersey,Energy,2021-12,125260467.75950004,2069230.7454999995,91
New York/New Jersey,Food,2021-12,56872361.09999999,2602000.353700001,37
New York/New Jersey,Lodging,2021-12,2650147.4590000003,12043.594900000002,10
New York/New Jersey,Energy,2022-01,95720342.26,1757154.3669999992,90
New York/New Jersey,Food,2022-01,55585382.771599986,2372719.6689,38
New York/New Jersey,Lodging,2022-01,2458763.7413999997,10450.358999999997,10
New York/New Jersey,Energy,2022-02,95079295.15679999,1660427.3379999993,92
New York/New Jersey,Food,2022-02,53186755.9245,2337861.8387,36
New York/New Jersey,Lodging,2022-02,3193423.7033999995,13283.053399999997,10
New York/New Jersey,Energy,2022-03,110898809.37809995,1884030.6929000006,90
New York/New Jersey,Food,2022-03,58260361.367500015,2725852.166700001,38
New York/New Jersey,Lodging,2022-03,3712556.2859999994,15264.5216,11
New York/New Jersey,Energy,2022-04,114775852.59060001,1922026.6135000011,90
New York/New Jersey,Food,2022-04,59122720.6795,2771150.5235,38
New York/New Jersey,Lodging,2022-04,4428887.371200001,18055.214000000004,12
New York/New Jersey,Energy,2022-05,122420114.4874,2028039.3446999998,91
New York/New Jersey,Food,2022-05,61509983.155099995,2889941.0208,37
New York/New Jersey,Lodging,2022-05,4358551.900500001,17046.8571,12
New York/New Jersey,Energy,2022-06,119753865.3378,2005605.2034,90
New York/New Jersey,Food,2022-06,60495802.640599996,2780049.096100001,38
New York/New Jersey,Lodging,2022-06,4218059.8209,16234.8652,11
New York/New Jersey,Energy,2022-07,123133069.50269991,2104794.823900001,94
New York/New Jersey,Food,2022-07,62245093.39289997,2846644.0864,36
New York/New Jersey,Lodging,2022-07,5197946.638,18834.2745,12
New York/New Jersey,Energy,2022-08,117586931.97720003,2063253.2450000003,94
New York/New Jersey,Food,2022-08,61008574.655499995,2860000.655000001,38
New York/New Jersey,Lodging,2022-08,5112909.2426,19695.241400000003,11
New York/New Jersey,Energy,2022-09,111963246.4374,1950560.8309000004,90
New York/New Jersey,Food,2022-09,58247838.767200015,2809554.6987999994,39
New York/New Jersey,Lodging,2022-09,4364454.4363,16454.3345,11
New York/New Jersey,Energy,2022-10,118322586.00700003,2004763.144700001,93
New York/New Jersey,Food,2022-10,60733328.6478,2937553.1468000007,39
New York/New Jersey,Lodging,2022-10,4557511.1686,18478.939100000003,10
New York/New Jersey,Energy,2022-11,124086818.27639998,1987956.4234000007,92
New York/New Jersey,Food,2022-11,57479863.21760001,2776244.9951000004,39
New York/New Jersey,Lodging,2022-11,3106431.5133000007,14446.3034,10
New York/New Jersey,Energy,2022-12,135888211.5806,2097829.575899998,89
New York/New Jersey,Food,2022-12,60360211.47260001,2744798.7024999997,39
New York/New Jersey,Lodging,2022-12,3064410.3106,13361.555,10
New York/New Jersey,Energy,2023-01,108117863.5255,1845406.9121999997,91
New York/New Jersey,Food,2023-01,59775392.54360001,2636034.4617,39
New York/New Jersey,Lodging,2023-01,3295908.8794,14054.996700000003,12
New York/New Jersey,Energy,2023-02,101183595.06180006,1719013.6162999992,86
New York/New Jersey,Food,2023-02,58277059.41659998,2560807.4395,39
New York/New Jersey,Lodging,2023-02,3207818.3619,15077.913300000002,10
New York/New Jersey,Energy,2023-03,116788733.35599996,1928793.3787999991,90
New York/New Jersey,Food,2023-03,65184617.24639997,2984017.2185999984,39
New York/New Jersey,Lodging,2023-03,4085874.2421000004,17423.06,11
New York/New Jersey,Energy,2023-04,117865879.18290001,1932161.6431999998,93
New York/New Jersey,Food,2023-04,63171097.51380001,2862117.1896,39
New York/New Jersey,Lodging,2023-04,4190029.9654,17839.2892,12
New York/New Jersey,Energy,2023-05,123092879.02639993,2094176.8369000007,91
New York/New Jersey,Food,2023-05,67031551.748600006,3056703.8353999997,39
New York/New Jersey,Lodging,2023-05,4676451.4703,18677.495099999996,11
New York/New Jersey,Energy,2023-06,124484004.68239999,2081965.468500001,90
New York/New Jersey,Food,2023-06,65613758.2923,2980888.046100001,37
New York/New Jersey,Lodging,2023-06,4658309.007800001,17624.8221,12
New York/New Jersey,Energy,2023-07,125748069.81740004,2140143.5771999992,94
New York/New Jersey,Food,2023-07,68229417.16849998,2984114.1865,38
New York/New Jersey,Lodging,2023-07,5335860.4049,20506.0954,10
New York/New Jersey,Energy,2023-08,128020477.64199999,2141341.7411999996,94
New York/New Jersey,Food,2023-08,65978881.11030002,3020451.3989999983,39
New York/New Jersey,Lodging,2023-08,5502741.0526,21084.1852,10
New York/New Jersey,Energy,2023-09,120812717.51159997,2009054.7518999996,92
New York/New Jersey,Food,2023-09,63153393.420400016,2953501.4383999994,39
New York/New Jersey,Lodging,2023-09,4358157.351,17668.513899999998,10
New York/New Jersey,Energy,2023-10,123133285.65980002,2063126.599,93
New York/New Jersey,Food,2023-10,64572757.77450001,3007103.210799999,38
New York/New Jersey,Lodging,2023-10,4489174.1389999995,18245.3462,10
New York/New Jersey,Energy,2023-11,133203967.26050007,2075195.9897999987,91
New York/New Jersey,Food,2023-11,61276599.38819999,2900387.119600001,39
New York/New Jersey,Lodging,2023-11,3612913.731800001,15635.5785,9
New York/New Jersey,Energy,2023-12,141681476.39470005,2186415.9510000004,91
New York/New Jersey,Food,2023-12,65140487.39579999,2871389.0717999996,39
New York/New Jersey,Lodging,2023-12,3462943.2800999996,14117.938300000002,10
New York/New Jersey,Energy,2024-01,112811530.79299997,1879333.7397000007,92
New York/New Jersey,Food,2024-01,63219480.24869999,2682848.4380000005,38
New York/New Jersey,Lodging,2024-01,3069549.2629,14072.6391,11
New York/New Jersey,Energy,2024-02,110668834.49539998,1795102.0984000005,91
New York/New Jersey,Food,2024-02,62534093.81130002,2735372.6844999995,39
New York/New Jersey,Lodging,2024-02,2949617.9318999993,14427.904199999997,10
New York/New Jersey,Energy,2024-03,123242668.5129,2016192.9605999999,90
New York/New Jersey,Food,2024-03,68778554.5005,2979126.1189000006,38
New York/New Jersey,Lodging,2024-03,4146472.0115,17130.525999999998,11
New York/New Jersey,Energy,2024-04,119504321.3834,1975888.406599999,87
New York/New Jersey,Food,2024-04,65603653.7951,2950737.8408999993,39
New York/New Jersey,Lodging,2024-04,4604199.2360000005,18680.6469,12
New York/New Jersey,Energy,2024-05,130805663.70350002,2140614.353500001,91
New York/New Jersey,Food,2024-05,68286927.1803,3100517.5949000004,40
New York/New Jersey,Lodging,2024-05,4375793.991099998,18144.393,11
New York/New Jersey,Energy,2024-06,131854573.16599998,2134560.4875,91
New York/New Jersey,Food,2024-06,69094197.3825,3014120.3536,39
New York/New Jersey,Lodging,2024-06,4381065.1163,17835.080499999996,9
New York/New Jersey,Energy,2024-07,129313081.59209996,2119570.1326,91
New York/New Jersey,Food,2024-07,68216889.88650002,3028983.3224999984,39
New York/New Jersey,Lodging,2024-07,5669148.2524999995,21491.855900000002,11
New York/New Jersey,Energy,2024-08,133704487.17979994,2185211.534500001,90
New York/New Jersey,Food,2024-08,67968354.3297,3067891.9214999992,42
New York/New Jersey,Lodging,2024-08,5473774.591899999,21097.8937,9
New York/New Jersey,Energy,2024-09,120591047.5219,1993347.348100001,94
New York/New Jersey,Food,2024-09,64359375.70729999,2962522.0248000007,39
New York/New Jersey,Lodging,2024-09,4095432.422600001,16834.8153,9
New York/New Jersey,Energy,2024-10,126409872.0577,2097429.2361000013,89
New York/New Jersey,Food,2024-10,66115340.92970003,3120848.025000001,40
New York/New Jersey,Lodging,2024-10,4003570.4920000006,17811.4672,10
New York/New Jersey,Energy,2024-11,130775953.72909996,2065993.8341000006,90
New York/New Jersey,Food,2024-11,65268594.522300005,2980097.9839999997,38
New York/New Jersey,Lodging,2024-11,3250942.879,15202.524000000001,10
New York/New Jersey,Energy,2024-12,146317378.5498,2234916.1343000005,89
New York/New Jersey,Food,2024-12,66954962.04040001,2880597.0672000013,41
New York/New Jersey,Lodging,2024-12,3449565.8808,15028.713800000001,11
Philadelphia,Energy,2020-01,36060918.232099995,736540.2690999999,53
Philadelphia,Food,2020-01,35609606.956499994,1772421.6494999998,27
Philadelphia,Lodging,2020-01,2147464.3244,12057.1673,7
Philadelphia,Energy,2020-02,36686109.978000015,717452.9596000002,52
Philadelphia,Food,2020-02,36322257.14270001,1813902.2786999994,27
Philadelphia,Lodging,2020-02,2061142.8505000002,13073.174099999998,7
Philadelphia,Energy,2020-03,39767243.4402,716035.8701000003,51
Philadelphia,Food,2020-03,38627229.39540001,1598570.6488000003,28
Philadelphia,Lodging,2020-03,1490345.8709000002,7261.318899999998,7
Philadelphia,Energy,2020-04,34254698.38149999,545024.7893999999,50
Philadelphia,Food,2020-04,37057952.3315,1324937.6724,26
Philadelphia,Lodging,2020-04,217386.74580000003,813.9854,7
Philadelphia,Energy,2020-05,38447587.7838,647488.1183,52
Philadelphia,Food,2020-05,42696772.7906,1685508.5318999994,27
Philadelphia,Lodging,2020-05,384442.4007,1406.8962000000001,7
Philadelphia,Energy,2020-06,38958797.398,706829.7158,53
Philadelphia,Food,2020-06,41943758.19179998,1757012.3127000001,27
Philadelphia,Lodging,2020-06,618899.4709000001,3227.5894,7
Philadelphia,Energy,2020-07,40485182.1912,764328.4026000001,55
Philadelphia,Food,2020-07,43514301.8892,1872770.2760999997,27
Philadelphia,Lodging,2020-07,817898.8692000002,4362.254199999999,7
Philadelphia,Energy,2020-08,40897226.6594,784954.1540000001,52
Philadelphia,Food,2020-08,45533226.32080001,1939705.8816,28
Philadelphia,Lodging,2020-08,959814.37,5588.212799999999,8
Philadelphia,Energy,2020-09,39533247.068399996,734008.3168999999,54
Philadelphia,Food,2020-09,43610677.82119999,1930804.8123999995,27
Philadelphia,Lodging,2020-09,969477.7897,5583.9933,8
Philadelphia,Energy,2020-10,41247938.228000015,774154.7361999999,54
Philadelphia,Food,2020-10,47133673.886899985,2061572.3163999994,27
Philadelphia,Lodging,2020-10,936915.4343,5763.2297,7
Philadelphia,Energy,2020-11,41733320.6071,742988.2969000001,53
Philadelphia,Food,2020-11,46096623.96519999,1943682.5428999998,28
Philadelphia,Lodging,2020-11,900671.0295,4651.6801,8
Philadelphia,Energy,2020-12,43490355.403199986,733181.8805999998,53
Philadelphia,Food,2020-12,48312246.050299995,1970902.4942000003,28
Philadelphia,Lodging,2020-12,680530.5264999999,3406.8235999999997,7
Philadelphia,Energy,2021-01,42708982.173999995,722438.1235999998,53
Philadelphia,Food,2021-01,49532790.20060001,2010315.7382000003,28
Philadelphia,Lodging,2021-01,1169002.5243,4857.6149000000005,7
Philadelphia,Energy,2021-02,38251753.5613,629636.6036999997,53
Philadelphia,Food,2021-02,42209002.1196,1679945.3945999998,27
Philadelphia,Lodging,2021-02,1134185.8260000001,5208.8751999999995,8
Philadelphia,Energy,2021-03,47573539.64269999,784911.7676,53
Philadelphia,Food,2021-03,50858270.3994,2156150.0246999995,27
Philadelphia,Lodging,2021-03,1405001.5007000002,7565.773700000002,8
Philadelphia,Energy,2021-04,44624766.7865,787297.3630999998,56
Philadelphia,Food,2021-04,49439482.54419999,2082462.8723000002,27
Philadelphia,Lodging,2021-04,1530760.5699,8334.9683,7
Philadelphia,Energy,2021-05,47529920.32649998,841101.9058000003,55
Philadelphia,Food,2021-05,51759174.007099986,2152514.1206,27
Philadelphia,Lodging,2021-05,2010429.1253,10779.5115,8
Philadelphia,Energy,2021-06,45700314.46789999,811977.8030999999,55
Philadelphia,Food,2021-06,48205007.2751,2038283.6316,28
Philadelphia,Lodging,2021-06,2585295.6515999995,12019.263900000002,8
Philadelphia,Energy,2021-07,46922469.95809999,846872.7392000002,55
Philadelphia,Food,2021-07,49720800.3727,2117537.5432,27
Philadelphia,Lodging,2021-07,2854307.8991,13119.1927,8
Philadelphia,Energy,2021-08,46870170.035500005,827183.2132999997,57
Philadelphia,Food,2021-08,49903213.7466,2122023.674700001,28
Philadelphia,Lodging,2021-08,2935990.067,13647.384900000001,6
Philadelphia,Energy,2021-09,45440691.8948,799965.6658999999,56
Philadelphia,Food,2021-09,47618529.30390001,2034938.0001999992,28
Philadelphia,Lodging,2021-09,2305586.3241999997,11639.2874,9
Philadelphia,Energy,2021-10,49727164.5856,832069.8948999997,55
Philadelphia,Food,2021-10,52511563.86929999,2193254.7214,28
Philadelphia,Lodging,2021-10,2668777.3219000003,12847.2827,9
Philadelphia,Energy,2021-11,48009958.83550002,783422.1117999998,57
Philadelphia,Food,2021-11,51431753.0991,2045391.0674000008,28
Philadelphia,Lodging,2021-11,2330917.6004,11157.3439,9
Philadelphia,Energy,2021-12,50675274.30639998,812716.1378999999,56
Philadelphia,Food,2021-12,56026094.943100005,2149273.209500001,27
Philadelphia,Lodging,2021-12,2345545.143,11226.5098,8
Philadelphia,Energy,2022-01,45863780.313400015,735669.3245999999,52
Philadelphia,Food,2022-01,51492771.8575,1982716.7585,27
Philadelphia,Lodging,2022-01,2299063.7625,9394.623500000002,8
Philadelphia,Energy,2022-02,45422628.30079998,721885.7533000001,54
Philadelphia,Food,2022-02,49581036.0963,1976897.8168000001,27
Philadelphia,Lodging,2022-02,2323431.8819,11017.7127,9
Philadelphia,Energy,2022-03,52131961.3301,814782.2591,58
Philadelphia,Food,2022-03,56139428.86139999,2272802.229,28
Philadelphia,Lodging,2022-03,2718323.4235999994,13335.5262,10
Philadelphia,Energy,2022-04,51638952.145,808036.5724000004,55
Philadelphia,Food,2022-04,56977639.985599995,2280846.9214000003,27
Philadelphia,Lodging,2022-04,3073439.5465,14128.6943,8
Philadelphia,Energy,2022-05,55421310.490799986,860627.4239999996,57
Philadelphia,Food,2022-05,58347091.329600014,2292889.2877,27
Philadelphia,Lodging,2022-05,3268793.9168,14759.841100000001,8
Philadelphia,Energy,2022-06,56373035.870500006,857214.9710999998,57
Philadelphia,Food,2022-06,55821543.429400004,2224159.3891,27
Philadelphia,Lodging,2022-06,3060559.4102,14238.489399999999,8
Philadelphia,Energy,2022-07,56533722.86240001,880334.1038999995,54
Philadelphia,Food,2022-07,57665745.547000006,2232227.6823999994,28
Philadelphia,Lodging,2022-07,3625797.1751000006,15562.481499999998,8
Philadelphia,Energy,2022-08,53003639.98120001,859806.1179000004,57
Philadelphia,Food,2022-08,56304912.072,2250912.2181,28
Philadelphia,Lodging,2022-08,3290740.8666000003,14672.2337,9
Philadelphia,Energy,2022-09,52196558.75410001,824544.2342000001,55
Philadelphia,Food,2022-09,55495764.1206,2204634.9553000005,28
Philadelphia,Lodging,2022-09,2880628.7271999996,13823.6,9
Philadelphia,Energy,2022-10,53502963.22199999,841133.3603000002,56
Philadelphia,Food,2022-10,59392736.33499999,2364222.1267000004,28
Philadelphia,Lodging,2022-10,3105774.7205,14628.976400000003,8
Philadelphia,Energy,2022-11,54317271.546,809034.5859,55
Philadelphia,Food,2022-11,58639265.546900004,2262392.0567000005,28
Philadelphia,Lodging,2022-11,2855203.5351,12689.799200000001,7
Philadelphia,Energy,2022-12,57097977.735500015,835778.6381999998,55
Philadelphia,Food,2022-12,62685615.94960001,2286077.6195,28
Philadelphia,Lodging,2022-12,2670993.6268000007,11806.5585,9
Philadelphia,Energy,2023-01,50804752.46729999,787089.3149000001,54
Philadelphia,Food,2023-01,59422131.67670001,2237548.6325000008,28
Philadelphia,Lodging,2023-01,2735899.5176,11142.916099999999,9
Philadelphia,Energy,2023-02,50102581.288299985,768942.5380000001,54
Philadelphia,Food,2023-02,56768853.21490001,2161600.3497999995,28
Philadelphia,Lodging,2023-02,2647465.0146,12667.344100000002,8
Philadelphia,Energy,2023-03,54368454.63359998,868693.6691999998,57
Philadelphia,Food,2023-03,64351664.472700015,2492773.4125999995,29
Philadelphia,Lodging,2023-03,3273768.8878000006,16301.1799,9
Philadelphia,Energy,2023-04,54507925.2566,848519.3241999999,55
Philadelphia,Food,2023-04,63333321.322,2440216.7425999995,28
Philadelphia,Lodging,2023-04,3373585.6173,15033.992199999999,7
Philadelphia,Energy,2023-05,58144438.51089999,901797.0937999999,56
Philadelphia,Food,2023-05,64057942.04970001,2459396.8821,29
Philadelphia,Lodging,2023-05,3409213.2126999996,14577.012999999999,7
Philadelphia,Energy,2023-06,57295007.8785,876803.0954,57
Philadelphia,Food,2023-06,63672287.9639,2413875.5112999994,28
Philadelphia,Lodging,2023-06,3582734.1944,16366.613399999998,8
Philadelphia,Energy,2023-07,58592687.978999995,902618.0508000001,57
Philadelphia,Food,2023-07,64781543.81740001,2472313.7281999993,28
Philadelphia,Lodging,2023-07,3604556.4741,16327.3103,8
Philadelphia,Energy,2023-08,57129096.03930002,900203.6775000001,57
Philadelphia,Food,2023-08,62873533.517700024,2518852.8017999995,28
Philadelphia,Lodging,2023-08,3479540.6114999996,15867.388499999997,9
Philadelphia,Energy,2023-09,55335618.91989999,854124.7339000001,55
Philadelphia,Food,2023-09,63632264.117199995,2443115.6907000006,28
Philadelphia,Lodging,2023-09,2994762.3271000003,14160.8527,10
Philadelphia,Energy,2023-10,55690023.05340002,874560.2417000001,53
Philadelphia,Food,2023-10,66256417.72849999,2553153.6320000007,28
Philadelphia,Lodging,2023-10,3076765.2580000004,14107.328400000002,10
Philadelphia,Energy,2023-11,54993593.1192,839374.4624000003,52
Philadelphia,Food,2023-11,64931550.4148,2452005.8353000004,28
Philadelphia,Lodging,2023-11,2917016.9544,13354.549099999998,9
Philadelphia,Energy,2023-12,58130961.52419999,849752.5104999999,55
Philadelphia,Food,2023-12,69394131.24180001,2520002.9748,28
Philadelphia,Lodging,2023-12,2395085.1692,12239.3371,8
Philadelphia,Energy,2024-01,50906900.57819998,785254.6217000001,55
Philadelphia,Food,2024-01,64252474.070999995,2365876.4038,28
Philadelphia,Lodging,2024-01,2522233.8529999997,11738.4706,10
Philadelphia,Energy,2024-02,51213367.90659998,780470.2989,54
Philadelphia,Food,2024-02,65227378.1412,2397493.0176999993,28
Philadelphia,Lodging,2024-02,2669010.2974000005,13379.6161,9
Philadelphia,Energy,2024-03,55297828.5282,847154.0915000003,55
Philadelphia,Food,2024-03,71116916.8091,2635953.4991999995,28
Philadelphia,Lodging,2024-03,3138424.4303,16477.8692,9
Philadelphia,Energy,2024-04,54218213.08019999,841604.9881999998,55
Philadelphia,Food,2024-04,69090624.43220003,2596497.9267000007,28
Philadelphia,Lodging,2024-04,3120184.7982,14846.237400000002,8
Philadelphia,Energy,2024-05,58056827.931000024,894660.7992000001,53
Philadelphia,Food,2024-05,71376518.0117,2656856.6202000002,28
Philadelphia,Lodging,2024-05,3394064.1588000003,15079.7133,10
Philadelphia,Energy,2024-06,55507745.35530002,882569.0709,55
Philadelphia,Food,2024-06,68155588.14259999,2565527.0512,29
Philadelphia,Lodging,2024-06,3745447.5359000005,16587.8102,8
Philadelphia,Energy,2024-07,56410359.763799995,899504.943,55
Philadelphia,Food,2024-07,68182074.15980002,2620677.9302,28
Philadelphia,Lodging,2024-07,3293247.3756000004,15485.8743,8
Philadelphia,Energy,2024-08,57218737.271100014,901641.0074999998,55
Philadelphia,Food,2024-08,70902347.741,2712895.1265000002,28
Philadelphia,Lodging,2024-08,3714282.2590000005,16520.048000000003,9
Philadelphia,Energy,2024-09,52529810.424600005,833108.9739999999,54
Philadelphia,Food,2024-09,66836051.534600005,2549887.9682000005,28
Philadelphia,Lodging,2024-09,3028954.0862000003,13571.4399,7
Philadelphia,Energy,2024-10,55263021.39999999,871725.2399,53
Philadelphia,Food,2024-10,70459133.5442,2705199.3049,29
Philadelphia,Lodging,2024-10,3288840.5711000008,14833.701500000001,9
Philadelphia,Energy,2024-11,54694004.04650001,836879.2438000002,56
Philadelphia,Food,2024-11,69465373.04259999,2627988.8313999996,28
Philadelphia,Lodging,2024-11,2769167.7966,13337.9716,9
Philadelphia,Energy,2024-12,56043027.26999999,847873.7894000004,56
Philadelphia,Food,2024-12,73607927.59519999,2623243.4039,29
Philadelphia,Lodging,2024-12,2829464.7117,13385.474100000001,9
Seattle,Energy,2020-01,139712902.9538,3077189.9613,45
Seattle,Food,2020-01,11582442.746500004,372669.3323,17
Seattle,Lodging,2020-01,2078786.9462000001,11284.8231,5
Seattle,Energy,2020-02,137694747.15830004,3098575.6661999994,46
Seattle,Food,2020-02,11276351.505199999,371282.2322,17
Seattle,Lodging,2020-02,2375095.4762999997,12313.8353,5
Seattle,Energy,2020-03,176968757.3181,3241694.6486000004,45
Seattle,Food,2020-03,12500564.8144,324412.3006,17
Seattle,Lodging,2020-03,1145333.2079,5937.308400000001,5
Seattle,Energy,2020-04,162519480.51870003,2843922.2483000006,45
Seattle,Food,2020-04,10392102.466599997,237293.5668,15
Seattle,Lodging,2020-04,302228.5178,1514.1163999999997,5
Seattle,Energy,2020-05,175819856.70270002,3223863.4146999987,45
Seattle,Food,2020-05,11913161.0675,289392.95630000014,16
Seattle,Lodging,2020-05,476383.85610000003,2818.8871,5
Seattle,Energy,2020-06,162708948.8111,3079802.8681,47
Seattle,Food,2020-06,11358828.091999998,303811.279,15
Seattle,Lodging,2020-06,811417.2551000001,4627.657099999999,5
Seattle,Energy,2020-07,164810879.2565,3284985.6306000007,47
Seattle,Food,2020-07,11974436.5495,323135.4382,16
Seattle,Lodging,2020-07,1043891.3071999998,5847.744800000001,5
Seattle,Energy,2020-08,162387690.90249997,3274079.0500000003,44
Seattle,Food,2020-08,12482886.733600002,334331.56110000005,16
Seattle,Lodging,2020-08,1394505.435,7634.954,5
Seattle,Energy,2020-09,152418594.89040005,3094440.5957999993,46
Seattle,Food,2020-09,12293893.919,330757.3859000001,17
Seattle,Lodging,2020-09,1292398.8934000002,6998.2287000000015,5
Seattle,Energy,2020-10,157600397.07579997,3177296.8476999993,47
Seattle,Food,2020-10,13103312.408199998,346943.88859999995,16
Seattle,Lodging,2020-10,1250367.9926999998,7175.158100000001,5
Seattle,Energy,2020-11,164749238.30790007,3130439.4983000006,44
Seattle,Food,2020-11,12830018.2005,321342.2497000001,16
Seattle,Lodging,2020-11,905099.8808,5764.9418,5
Seattle,Energy,2020-12,187036446.04410002,3356183.9742,46
Seattle,Food,2020-12,12785344.871700002,332132.74760000006,15
Seattle,Lodging,2020-12,889565.8981999999,5247.5206,5
Seattle,Energy,2021-01,154092949.15760002,2962560.6403000006,47
Seattle,Food,2021-01,12549116.979599997,326073.5858,16
Seattle,Lodging,2021-01,1103679.9307000001,6265.348300000001,5
Seattle,Energy,2021-02,139014349.85619998,2736121.9401,46
Seattle,Food,2021-02,11272438.541900001,290561.36259999993,16
Seattle,Lodging,2021-02,1217624.8433,6752.2309000000005,5
Seattle,Energy,2021-03,162328419.72069997,3117810.124399998,45
Seattle,Food,2021-03,13139730.629700001,352089.9949000001,17
Seattle,Lodging,2021-03,1421245.4679,8904.3623,5
Seattle,Energy,2021-04,162447186.46029994,3159170.1460999995,48
Seattle,Food,2021-04,12606535.078699999,346344.3031,17
Seattle,Lodging,2021-04,2070617.5028000004,10580.1636,5
Seattle,Energy,2021-05,168753876.93880004,3371387.188500002,47
Seattle,Food,2021-05,13255446.101599999,357632.26640000014,17
Seattle,Lodging,2021-05,2429532.5192,12280.9922,5
Seattle,Energy,2021-06,167406896.7042,3270072.9691999997,49
Seattle,Food,2021-06,12113521.400800003,337246.60429999995,17
Seattle,Lodging,2021-06,2871563.955100001,13143.7281,5
Seattle,Energy,2021-07,166472369.4385,3447522.3511,47
Seattle,Food,2021-07,12605280.232100002,346066.62189999997,17
Seattle,Lodging,2021-07,3144233.8091,13913.957999999999,5
Seattle,Energy,2021-08,164652097.6678,3292094.775199999,47
Seattle,Food,2021-08,12661799.3796,347781.5647,18
Seattle,Lodging,2021-08,3089757.8812999995,14043.141500000002,5
Seattle,Energy,2021-09,152416332.53260002,3112224.4349999987,46
Seattle,Food,2021-09,12578849.462000003,348246.3723,17
Seattle,Lodging,2021-09,2387929.633300001,11186.9578,5
Seattle,Energy,2021-10,165223746.0561,3263121.6649,48
Seattle,Food,2021-10,13266845.060899999,359739.75110000005,17
Seattle,Lodging,2021-10,2667735.1078,12830.725499999999,5
Seattle,Energy,2021-11,170923870.03079998,3170838.1758999988,47
Seattle,Food,2021-11,13105307.955400001,341591.44239999994,18
Seattle,Lodging,2021-11,2262126.0985999997,11388.812100000001,5
Seattle,Energy,2021-12,193946712.81819987,3362553.9571,48
Seattle,Food,2021-12,12771275.495700002,336491.2651,17
Seattle,Lodging,2021-12,2217908.8861,12082.6671,5
Seattle,Energy,2022-01,154499845.124,2970390.5312,48
Seattle,Food,2022-01,12660330.016300002,328118.70310000004,17
Seattle,Lodging,2022-01,1991345.7531000003,10315.7752,5
Seattle,Energy,2022-02,147727492.42660004,2790961.9078000006,45
Seattle,Food,2022-02,11939418.080099998,316593.1454,17
Seattle,Lodging,2022-02,2071369.1138000004,10617.0805,5
Seattle,Energy,2022-03,160003458.2877,3096029.9566999995,46
Seattle,Food,2022-03,12688513.645399999,349552.6876999999,18
Seattle,Lodging,2022-03,2674297.2774,13273.5695,5
Seattle,Energy,2022-04,167517265.5138999,3167935.7816000003,47
Seattle,Food,2022-04,12828523.981199998,345585.74009999994,18
Seattle,Lodging,2022-04,2802561.6884999997,14403.448099999998,5
Seattle,Energy,2022-05,174501473.204,3325481.0149999997,48
Seattle,Food,2022-05,13453053.365,358555.08820000006,18
Seattle,Lodging,2022-05,2921069.6896,14326.980699999998,5
Seattle,Energy,2022-06,170806230.99839997,3231267.1824,48
Seattle,Food,2022-06,12525362.317499999,335484.5384,18
Seattle,Lodging,2022-06,3124041.7715,13078.8138,5
Seattle,Energy,2022-07,183562041.1432,3368097.2452999996,47
Seattle,Food,2022-07,13197434.573599998,343501.3282,18
Seattle,Lodging,2022-07,3483795.1263,14566.017,5
Seattle,Energy,2022-08,172353032.62190002,3354625.1017000005,48
Seattle,Food,2022-08,12710862.994300002,346506.29890000005,18
Seattle,Lodging,2022-08,2988452.6841,13037.6283,5
Seattle,Energy,2022-09,167551235.98610005,3213507.316,42
Seattle,Food,2022-09,12904773.399600001,341683.50200000004,19
Seattle,Lodging,2022-09,2731873.7253,12932.2012,5
Seattle,Energy,2022-10,172487732.9828,3336202.924399999,44
Seattle,Food,2022-10,13856578.7784,360304.5544000001,19
Seattle,Lodging,2022-10,3146698.0431999997,14132.7749,5
Seattle,Energy,2022-11,176694551.96890002,3203428.0612999992,45
Seattle,Food,2022-11,13344225.452600002,338269.3693999999,19
Seattle,Lodging,2022-11,2380496.3568,11854.589499999998,5
Seattle,Energy,2022-12,198140844.77099997,3347694.7725000004,47
Seattle,Food,2022-12,13009598.455800004,321851.2065000001,19
Seattle,Lodging,2022-12,2484926.5677,12168.723399999999,5
Seattle,Energy,2023-01,157646808.56469998,3097833.7316999994,44
Seattle,Food,2023-01,12923160.0923,331327.8250999999,19
Seattle,Lodging,2023-01,2124214.7905,10883.301000000001,5
Seattle,Energy,2023-02,152980347.47560003,2865621.9303,44
Seattle,Food,2023-02,12236752.335399996,311362.1535,19
Seattle,Lodging,2023-02,2153210.0432,11289.6562,5
Seattle,Energy,2023-03,166535331.0695001,3187185.5724,45
Seattle,Food,2023-03,13455620.7619,355808.71320000006,19
Seattle,Lodging,2023-03,2723343.057,12863.1397,5
Seattle,Energy,2023-04,168998762.0757,3199092.9026999995,46
Seattle,Food,2023-04,13497195.2201,350440.1770000001,19
Seattle,Lodging,2023-04,2883169.498,14415.3903,5
Seattle,Energy,2023-05,182182466.4146,3452127.3776,47
Seattle,Food,2023-05,14163328.8822,367017.91509999987,19
Seattle,Lodging,2023-05,2775532.7630999996,13421.756800000001,5
Seattle,Energy,2023-06,176588068.3555,3407629.916399999,45
Seattle,Food,2023-06,13488760.3067,355184.3922,17
Seattle,Lodging,2023-06,2945689.554,13508.296100000001,5
Seattle,Energy,2023-07,182058616.3183,3464014.8249999993,45
Seattle,Food,2023-07,13453766.2623,357480.2498,19
Seattle,Lodging,2023-07,3091998.4948000005,13355.8832,5
Seattle,Energy,2023-08,176116235.40200004,3447803.6017999994,47
Seattle,Food,2023-08,13175149.597299999,350867.31840000005,18
Seattle,Lodging,2023-08,3179979.1180000002,14055.3237,5
Seattle,Energy,2023-09,168836169.26620004,3276625.7095999997,46
Seattle,Food,2023-09,13847578.127700001,353308.73860000004,19
Seattle,Lodging,2023-09,2681391.3465,12321.6417,5
Seattle,Energy,2023-10,172908205.00759998,3313594.690100001,44
Seattle,Food,2023-10,14307801.671500003,371618.7926,19
Seattle,Lodging,2023-10,2698361.9462,12614.0259,5
Seattle,Energy,2023-11,174525803.52509993,3238329.871399999,45
Seattle,Food,2023-11,14306390.828,347513.14689999993,19
Seattle,Lodging,2023-11,2486682.4382,11222.515,5
Seattle,Energy,2023-12,196282837.48680001,3469441.281800001,44
Seattle,Food,2023-12,14242332.2583,346485.2996,20
Seattle,Lodging,2023-12,2016061.3471,11340.227199999998,5
Seattle,Energy,2024-01,158743136.68680003,3033833.8192999996,45
Seattle,Food,2024-01,13483871.0623,331073.7157,19
Seattle,Lodging,2024-01,2277195.8146,10543.4095,5
Seattle,Energy,2024-02,155661137.59000003,3023745.9749,44
Seattle,Food,2024-02,13392680.4386,336675.6753,20
Seattle,Lodging,2024-02,2340015.2986999997,11244.640099999999,5
Seattle,Energy,2024-03,172599316.91559997,3252252.118000001,47
Seattle,Food,2024-03,14123004.009600004,366761.2863999999,19
Seattle,Lodging,2024-03,2769140.7335,12964.682999999999,5
Seattle,Energy,2024-04,164346022.34479994,3175554.8284000005,44
Seattle,Food,2024-04,13153885.4217,349000.69599999994,20
Seattle,Lodging,2024-04,2823400.4754000003,13976.774500000001,5
Seattle,Energy,2024-05,176158534.28000003,3453327.4432000006,45
Seattle,Food,2024-05,14296445.840599999,379932.68289999996,18
Seattle,Lodging,2024-05,2883980.3573,13956.9269,5
Seattle,Energy,2024-06,173321674.12329996,3345994.8650000007,46
Seattle,Food,2024-06,13896074.689900003,353997.86360000004,18
Seattle,Lodging,2024-06,2555954.1138000004,12235.638299999997,5
Seattle,Energy,2024-07,176021661.1823,3471556.0123999985,45
Seattle,Food,2024-07,13403795.2169,354678.3929,19
Seattle,Lodging,2024-07,2906827.5285,12420.853600000002,5
Seattle,Energy,2024-08,172875886.62369993,3381881.3992000003,47
Seattle,Food,2024-08,13686670.8141,347510.7068000002,19
Seattle,Lodging,2024-08,2937669.4348,12302.466299999998,5
Seattle,Energy,2024-09,162080761.98549995,3201102.5085999994,45
Seattle,Food,2024-09,14056248.740099998,347962.8513,19
Seattle,Lodging,2024-09,2664541.775,11814.535100000001,5
Seattle,Energy,2024-10,166616618.83220005,3317613.0006,43
Seattle,Food,2024-10,14506200.072799996,371977.3432,20
Seattle,Lodging,2024-10,2816515.7462999998,12684.151699999999,5
Seattle,Energy,2024-11,177758093.32430002,3284490.4791999995,45
Seattle,Food,2024-11,15250020.3083,360532.2059,19
Seattle,Lodging,2024-11,2428077.2366,12007.6803,5
Seattle,Energy,2024-12,196953389.09719998,3512507.801800002,44
Seattle,Food,2024-12,14734261.280000005,353810.1492000001,20
Seattle,Lodging,2024-12,2322583.2941,11006.3772,5
